C1CC1c2[nH]nnn2,1,5.41
C1CCCNCCC1,1,11.10
C1CCNC1,1,11.35
C1CCNCC1,1,11.12
C1CN(CCN1)c2ccccc2,1,8.60
[nH]1ncc2ccccc12,1,1.10
[nH]1nnc2ccccc12,1,8.33
[nH]1nnnc1Oc2ccccc2,1,3.49
Cc1sc(N)nn1,1,3.20
Cc1scc(C)n1,1,4.02
Cn1c(C)nc2c(N)ncnc12,1,4.51
Cn1c(C)nc2ccccc12,1,6.62
Cn1c(C)nc2cncnc12,1,3.36
Cn1c(CO)nc2ccccc12,1,5.43
Cn1c(N)nc2cncnc12,1,4.62
C(c1ccccc1)c2ccccn2,1,5.12
Cc1cnc2c(c1)c(C)c(C)c3cc(C)cnc23,1,5.80
Cc1cncc(C)c1,1,6.25
Cc1csc(N)n1,1,5.95
Cc1cscn1,1,3.13
Cc1nccn1C=C,1,7.09
Cc1noc(N)c1C,1,1.30
Cc1nsc(N)n1,1,2.50
Cc1sc(C)nn1,1,0.80
Cc1ccnc(C)c1,1,6.71
Cc1ccnc(N)c1,1,7.47
Cc1ccnc(N)n1,1,3.89
Cc1ccnc(c1)c2cc(C)ccn2,1,5.34
Cc1ccnc2c1ccc3c(C)ccnc23,1,5.95
Cc1ccncc1,1,6.08
Cc1ccncc1C,1,6.52
Cc1ccncn1,1,2.38
[O-][N+](=O)c1cccc(S)c1,1,5.24
[O-][N+](=O)c1ccccc1S,1,5.45
[O-][N+](=O)c1ccccn1,1,2.06
[O-][N+](=O)c1cccnc1,1,0.80
[O-][N+](=O)c1ccncc1,1,1.23
[O-][n+]1ccccc1S,1,4.43
[OH-],1,14.08
[SeH]c1cccc2cccnc12,1,8.41
CC(=C\C(O)=O)/C(O)=O,1,4.82
CC(=NO)C(=O)c1ccccc1,1,9.21
CC(=NO)C(C)(C)N,1,8.99
[Cl-].NC12CC3CC(CC(C3)C1)C2.[H+],1,10.55
[Na+].CN(C)c1ccc(cc1)N=Nc2ccc(cc2)[S]([O-])(=O)=O,1,3.44
[O-][N+](=O)c1cc2cccnc2c3ncccc13,1,3.24
[O-][N+](=O)c1ccc(O[P](O)(O)=O)cc1,1,5.01
[O-][N+](=O)c1ccc(S)cc1,1,4.61
C1CSCN1,1,6.54
C1N2CN3CN1CN(C2)C3,1,4.97
C=CCCCc1ccccn1,1,5.97
C=CCCc1ccccn1,1,5.88
C=CCc1ccccn1,1,5.34
C=Cc1ccccn1,1,5.01
C=Cc1ccncc1,1,5.40
C=Cn1ccnc1,1,5.90
[nH]1nnnc1c2ccccc2,1,4.38
Brc1cc2cccnc2c3ncccc13,1,4.09
Brc1ccccn1,1,0.70
Brc1cccnc1,1,2.98
Brc1ccncc1,1,3.68
C#N,1,9.22
C1CN2CCC1CC2,1,11.15
C1CNC1,1,11.29
CC(C)(C(O)=O)[N+]([O-])=O,1,1.81
CC(C)(C)C(C(O)=O)C(O)=O,1,7.03
CC(C)(C)N,1,10.69
CC(C)(C)Nc1ccccc1,1,7.14
CC(C)(C)S,1,11.22
Oc1ccc(cc1)[S](O)(=O)=O,1,8.79
Oc1ccc(cc1Br)C2(O[S](=O)(=O)c3ccccc23)c4ccc(O)c(Br)c4,1,6.14
Oc1ccc(cc1C=O)[S](O)(=O)=O,1,6.94
CC(=O)Oc1ccccc1C(O)=O,1,3.45
CC(=O)c1c(C)cc(C)nc1C,1,5.91
CC(=O)c1ccc(N)cc1,1,2.29
CC(=O)c1ccc(S)cc1,1,5.33
CC(=O)c1ccccn1,1,2.66
CC(=O)c1cccnc1,1,3.38
CC(=O)c1ccncc1,1,3.60
CC(C)(C#N)C(O)=O,1,2.42
Sc1cccc2ccccc12,1,6.34
Sc1ccccc1,1,6.50
Sc1ccccc1Br,1,5.66
[Cl-].Cc1ncc(C[n+]2csc(CCO)c2C)c(N)n1,1,4.79
CC(=O)NO,1,9.18
CC(=O)Nc1ccccn1,1,4.15
CC(=O)Nc1cccnc1,1,4.57
CC(=O)OCC(O)=O,1,2.81
Oc1ccccc1F,1,8.60
Oc1ccccc1I,1,8.51
Oc1ccccc1[N+]([O-])=O,1,7.19
S=C(NNc1ccccc1)N=Nc2ccccc2,1,4.45
SC#N,1,0.93
Sc1[nH]ccn1,1,11.21
Sc1ccc(Br)cc1,1,6.02
Sc1ccc2ccccc2c1,1,6.47
CC(C)(N)C(N)=O,1,8.06
CC(C)(N)CO,1,9.82
CC(C)(NC(N)=O)C(O)=O,1,4.46
CC(C)(O)C(O)=O,1,3.85
CC(C)(O)CCC(O)=O,1,4.69
CC(C)C(C#N)(C(C)C)C(O)=O,1,2.56
Oc1c(cccc1[N+]([O-])=O)[N+]([O-])=O,1,3.72
Oc1c2ccccc2ccc1[N+]([O-])=O,1,5.73
Oc1ccccc1,1,9.81
CC(C)(C)SCC(O)=O,1,3.64
CC(C)(C)SCCN,1,9.34
CC(C)(C)c1ccc(O)cc1,1,10.31
CC(C)(C)c1ccncc1,1,6.10
CC(C)(CO)C(O)=O,1,4.87
CC(C)(N)C(=O)NC(C)(C)C(=O)NC(C)(C)C(N)=O,1,7.76
CC(C)(N)C(=O)NC(C)(C)C(N)=O,1,7.93
Oc1cccc(Br)c1,1,8.89
Oc1cccc(F)c1,1,9.01
Oc1cccc(I)c1,1,8.89
Oc1cccc(c1)C#N,1,8.46
Oc1cccc(c1)[N+]([O-])=O,1,8.21
Oc1cccc2cccc(c12)[S](O)(=O)=O,1,12.57
Oc1cccc2ccccc12,1,9.17
Oc1cccc[n+]1[O-],1,5.81
Oc1ccc(cc1[N+]([O-])=O)[N+]([O-])=O,1,4.02
Oc1ccc2C=CC(=O)Oc2c1,1,7.66
Oc1ccc2cc(cc(c2c1)[S](O)(=O)=O)[S](O)(=O)=O,1,8.61
Oc1ccc2cc(ccc2c1)[S](O)(=O)=O,1,8.90
Oc1ccc2ccc(cc2c1)[S](O)(=O)=O,1,9.05
Oc1ccc2ccccc2c1,1,9.34
Oc1ccc2ccccc2c1N=O,1,7.68
Oc1ccc2ccccc2c1[N+]([O-])=O,1,5.75
CC(C)C[C@H](NC(=O)CNC(=O)CN)C(O)=O,1,7.90
O[S](=O)(=O)C1=CC(=O)C(=O)c2ccccc12,1,10.51
O[S](=O)(=O)CCN1CCN(CC1)CC[S](O)(=O)=O,1,7.09
O[W](O)(=O)=O,1,3.08
Oc1c(cc(cc1[N+]([O-])=O)[N+]([O-])=O)[N+]([O-])=O,1,0.22
Oc1c(ccc2ccccc12)N=O,1,7.30
O[C@@H](C=O)[C@@H](O)[C@@H](O)[C@H](O)C(O)=O,1,3.27
O[C@@H](C=O)[C@@H](O)[C@H](O)[C@H](O)C(O)=O,1,3.04
Oc1ccc(cc1)C2(O[S](=O)(=O)c3ccccc23)c4ccc(O)cc4,1,7.67
Oc1ccc(cc1)N=O,1,6.33
Oc1ccc(cc1)[N+]([O-])=O,1,7.03
CC(C)C(C#N)C(O)=O,1,2.40
CC(C)CCN,1,10.64
CC(C)CN,1,10.53
CC(C)CNc1ccccc1,1,4.91
CC(C)C[C@H](NC(=O)CN)C(=O)NCC(O)=O,1,7.95
Oc1cc2ccc(cc2cc1[S](O)(=O)=O)[S](O)(=O)=O,1,9.14
Oc1ccc(Br)cc1,1,9.15
Oc1ccc(CC=C)cc1,1,10.23
Oc1ccc(F)cc1,1,9.68
Oc1ccc(I)cc1,1,9.33
Oc1ccc(c(c1)[N+]([O-])=O)[N+]([O-])=O,1,5.42
Oc1ccc(c2ccccc12)[S](O)(=O)=O,1,8.05
Oc1ccc(cc1)C#N,1,7.86
Oc1c2ccccc2ccc1[S](O)(=O)=O,1,9.03
Oc1cc(Br)cc(Br)c1,1,8.06
Oc1cc(I)cc(I)c1,1,8.10
Oc1cc(cc(c1)[N+]([O-])=O)[N+]([O-])=O,1,6.73
Oc1cc(cc2cc(ccc12)[S](O)(=O)=O)[S](O)(=O)=O,1,8.07
Oc1cc(cc2cccc(c12)[S](O)(=O)=O)[S](O)(=O)=O,1,11.40
Oc1cc(cc2ccccc12)[S](O)(=O)=O,1,8.43
Oc1cc(ccc1[N+]([O-])=O)[N+]([O-])=O,1,5.25
ON(c1ccccc1)C(=O)c2ccccc2,1,8.07
ON1C(=O)CCCC1=O,1,7.65
ON=C(c1occc1)C(=NO)c2occc2,1,9.73
ON=O,1,3.01
ONC(/c1ccccc1)=C(N=O)\c2ccccc2,1,10.23
ONC(=O)c1ccccc1,1,8.73
ONC1=C(CCCC1)N=O,1,10.63
ONC1=C(CCCCC1)N=O,1,10.57
OCc1[nH]c2ccccc2n1,1,5.28
OCc1[nH]ccn1,1,7.66
OCc1c[nH]cn1,1,6.75
OCc1cccc(CO)n1,1,4.39
OCc1ccccn1,1,5.01
OCc1cccnc1,1,5.02
OCc1ccncc1,1,5.42
ON(C(=O)C=Cc1ccccc1)c2ccccc2,1,8.80
CC(C)C[S](CC(C)C)[P](O)(O)=S,1,0.04
CC(C)N,1,10.66
CC(C)Nc1ccccc1,1,5.66
CC(C)S,1,10.86
CC(C)SCC(O)=O,1,3.69
CC(C)[C@H](N)C(N)=O,1,7.72
CC(C)[N+]([O-])=O,1,7.70
CC(C)c1[nH]ccn1,1,7.77
O[C@@H]1CCCC[C@H]1C(O)=O,1,4.59
O[C@@H]1CCC[C@@H](C1)C(O)=O,1,4.51
O[C@@H]1CC[C@H](CC1)C(O)=O,1,4.58
O[C@H]1CCCC[C@H]1C(O)=O,1,4.64
O[C@H]1CCC[C@@H](C1)C(O)=O,1,4.67
O[C@H]1CC[C@H](CC1)C(O)=O,1,4.74
O[C@H]1[C@@H](O)[C@@H](O[C@@H]1CO[P](O)(=O)O[P](O)(O)=O)n2cnc3C(=O)N=CNc23,1,6.94
O[PH2]=O,1,1.13
CC1(C)CC(=O)CC(=O)C1,1,5.23
CC1=C(O)C(=O)C=CO1,1,8.55
CC1=CC(=CC(=O)O1)O,1,4.76
CC1=CC(=O)C(=CO1)O,1,8.06
CC1=CN([C@H]2C[C@H](O)[C@@H](CO)O2)C(=O)NC1=O,1,9.67
CC1=CNC(=O)NC1=O,1,9.83
OC1=COC=CC1=O,1,7.84
OC1CC(=CC(O)C1O)C(O)=O,1,4.01
CC(CO)(CO)C(O)=O,1,4.52
CC(N)C(=O)NC(C)(C)C(N)=O,1,7.93
CC(O)(C(O)=O)c1ccccc1,1,3.53
CC(O)=S,1,3.20
CC(O)C(O)=O,1,3.73
CC(O)CN,1,9.61
CC(O)Cc1ccccn1,1,5.48
CC(Oc1ccccc1)C(O)=O,1,2.91
OCCc1cccnc1,1,5.38
OCCc1ccncc1,1,5.64
OCCc1cn(C=C)cn1,1,6.05
OCCc1nccn1C=C,1,6.39
OCNC(=O)c1cccnc1,1,3.41
OC[C@@H](O)[C@@H](O)[C@H](O)C(=O)CO[P](O)(O)=O,1,5.84
OC[C@@H](O)[C@@H](O)[C@H](O)[C@@H](O)C(O)=O,1,3.47
OC[C@H]1O[C@H]([C@H](O)[C@@H]1O)n2cnc3cncnc23,1,2.31
OCCCc1ccncc1,1,5.87
OCCN1CCN(CC1)CC[S](O)(=O)=O,1,7.55
OCCN1CCN(CCC[S](O)(=O)=O)CC1,1,7.96
OCCNC(=S)C(=S)NCCO,1,11.07
OCCS,1,9.46
OCCSCCc1ccccn1,1,5.28
OCCSCc1ccccn1,1,4.61
OCCc1ccccn1,1,5.34
CCC(C)C(N)C(=O)OC,1,7.54
CCC(C)N,1,10.57
CCC(C)Nc1ccccc1,1,5.50
CCC(N)CC,1,10.46
CCC(NC(C)=O)C(O)=O,1,3.72
CCC(NC(N)=O)C(O)=O,1,3.89
CCC(O)(CC)C(O)=O,1,3.68
CCC(Oc1ccccc1)C(O)=O,1,3.03
OCCCc1ccccn1,1,5.66
OCCCc1cccnc1,1,5.56
CC1CCC(=C(C1)NO)N=O,1,10.54
CC1CCNCC1,1,11.08
CCC(=O)C(O)=O,1,2.49
CCC(=O)NCC(O)=O,1,3.72
CCC(=O)NO,1,9.44
CCC(C)C(CC)(C(O)=O)C(O)=O,1,8.40
OCCC(O)=O,1,4.43
OCCCC(O)=O,1,4.80
OCCCCCc1ccccn1,1,5.93
OCCCCCc1cccnc1,1,5.72
OCCCCCc1ccncc1,1,6.04
OCCCCc1ccccn1,1,5.83
OCCCCc1cccnc1,1,5.70
OCCCCc1ccncc1,1,6.01
OCC(CO)(CO)C(O)=O,1,4.46
OCC(O)(CO)C(O)=O,1,3.34
OCC(O)=O,1,3.73
OCC(O)C(O)=O,1,3.47
OCC(O)CO[P](O)(O)=O,1,6.15
OCC(O)CS,1,9.30
OCC1=CC(=O)C(=C(I)O1)O,1,6.53
OCC1=CC(=O)C(=CO1)O,1,7.75
CCCCN,1,10.75
CCCCN1C=CC=C(O)C1=O,1,9.06
CCCCNc1ccccc1,1,5.18
OC(=O)c1cccc(Br)c1,1,3.81
OC(=O)c1cccc(F)c1,1,3.77
OC(=O)c1cccc(F)c1F,1,3.10
OC(=O)c1cccc(I)c1,1,3.85
OC(=O)c1cccc(Oc2ccccc2)c1,1,3.95
CCCCC(N)C(=O)OC,1,7.68
CCCCC(O)C(O)=O,1,3.68
CCCCCCCC(CCCCCCC)(C(O)=O)C(O)=O,1,7.34
CCCCCCN,1,10.64
CCCCCCSCC(O)=O,1,3.65
CCCCCN,1,10.66
CCCCCNc1ccccc1,1,5.17
CCCCCSCC(O)=O,1,3.64
OC1=C(Br)C=CC=CC1=O,1,5.14
OC1=C(C(=O)C(=C(C1=O)[N+]([O-])=O)O)[N+]([O-])=O,1,0.50
OC1=CC(=O)C(=O)c2ccccc12,1,4.00
OC1=CC(=O)Oc2ccccc12,1,4.11
OC1=CC=C(C=CC1=O)C#N,1,3.72
CCC1=C(O)C(=O)C=CO1,1,8.56
CCCC(N)C(=O)OC,1,7.66
CCCC(O)(CCC)C(O)=O,1,3.80
OC(=O)c1occc1,1,3.05
OC(=O)c1sccc1,1,3.41
OC(C(F)(F)F)C(F)(F)F,1,9.42
OC(C(O)=O)c1ccccc1,1,3.29
OC(CC(O)=O)c1ccccc1,1,4.40
OC(Cc1ccccn1)c2ccccc2,1,5.20
OC(O)(C(F)(F)F)C(F)(F)F,1,6.65
OC(O)=C1OC(=CC(=O)C1=O)C(O)=O,1,9.82
CCCc1ccccc1O,1,10.50
CCCc1ccccn1,1,6.05
CCCn1ccnc1,1,7.22
CCN,1,10.73
CCN(CC)C(=O)CCN,1,9.44
CCN(CC)C(=O)CN,1,8.45
CCN(CC)C(S)=S,1,3.28
OC(=O)c1cc(cc(c1)[N+]([O-])=O)[N+]([O-])=O,1,2.68
CCCN,1,10.65
CCCNc1ccccc1,1,5.10
CCCOCC(O)=O,1,3.59
CCCON=C(CCC)C=NO,1,10.81
CCCSCC(O)=O,1,3.70
CCCSCCN,1,9.45
CCC[N+]([O-])=O,1,9.00
CCC[S](O)(=O)=O,1,1.53
OC(=O)c1ccccc1c2ccccc2C(O)=O,1,3.27
CCCCOC(=O)CN,1,7.78
CCCCO[P](O)(O)=O,1,6.72
CCCCO[P]([O-])(=O)OCCCC,1,1.00
CCCCSCC(O)=O,1,3.72
CCCC[S](CCCC)[P](O)(O)=S,1,0.08
CCCC[Se]CC(O)=O,1,3.82
CCCCn1ccnc1,1,7.22
OC(=O)c1cccc(c1)C#N,1,3.60
OC(=O)c1cccc(c1)[N+]([O-])=O,1,3.36
OC(=O)c1cccc[n+]1[O-],1,3.31
OC(=O)c1ccccc1Br,1,2.85
OC(=O)c1ccccc1F,1,3.47
OC(=O)c1ccccc1I,1,2.86
OC(=O)c1ccccc1Oc2ccccc2,1,3.53
OC(=O)c1ccccc1[N+]([O-])=O,1,2.19
CCOC(=O)CNC(=O)CN,1,7.73
CCOC(=O)CNC(=O)CNC(=O)[C@H](Cc1c[nH]cn1)NC(=O)CNC(=O)CNC(=O)OCc2ccccc2,1,6.08
CCOC(=O)CSCC(O)=O,1,3.66
CCOC(=O)\C=C/C([O-])=O,1,3.08
CCOC(=O)\C=C\C([O-])=O,1,3.40
OC(=O)Cc1cccc(I)c1,1,4.16
OC(=O)Cc1cccc(c1)[N+]([O-])=O,1,3.97
OC(=O)Cc1ccccc1Br,1,4.05
CCOC(=O)C(N)C(C)C,1,7.75
CCOC(=O)C(N)CC(C)C,1,7.65
CCOC(=O)C(N)Cc1ccccc1,1,7.12
CCOC(=O)CCC(N)C(=O)OCC,1,7.04
CCOC(=O)CCCCN,1,10.15
CCOC(=O)CCCN,1,9.71
CCOC(=O)CCN,1,9.18
CCOC(=O)CN,1,7.71
CCN(CC)c1ccc(C)cc1,1,7.24
CCN(CCO)c1ccccc1C(O)=O,1,8.99
CCN1C=C(C(O)=O)C(=O)c2ccc(C)nc12,1,5.94
CCN1CCCCC1,1,10.61
CCNC(=O)CN,1,8.19
CCNc1ccccc1,1,5.25
CCNc1scnn1,1,3.01
CCOC(=O)C(C)N,1,7.91
OC(=O)c1ccc(Br)cc1,1,4.00
OC(=O)c1ccc(F)c(F)c1,1,3.79
OC(=O)c1ccc(F)cc1,1,4.04
OC(=O)c1ccc(F)cc1F,1,3.44
OC(=O)c1ccc(I)cc1,1,4.00
OC(=O)c1ccc(Oc2ccccc2)cc1,1,4.52
OC(=O)c1ccc(cc1)C#N,1,3.55
OC(=O)c1ccc(cc1)[N+]([O-])=O,1,3.36
CCS,1,10.61
CCSCC(O)=O,1,3.62
CCSCCN,1,9.44
CCSCCSCC(O)=O,1,3.61
CCSCCc1ccccn1,1,5.33
CCSCc1ccccn1,1,4.72
OC(=O)CSCCc1ccccc1,1,3.80
OC(=O)CSCc1ccccc1,1,3.67
CCOc1cc(O)cc(OCC)c1,1,9.37
CCOc1ccc(N)cc1,1,5.25
CCOc1ccc([Se]CC(O)=O)cc1,1,3.75
CCOc1cccc(N)c1,1,4.17
CCOc1cccc(O)c1,1,9.65
CCOc1ccccc1N,1,4.48
CCOc1ccccc1S,1,7.06
CCOc1ccccc1[Se]CC(O)=O,1,3.79
OC(=O)c1cc(F)cc(F)c1,1,3.52
OC(=O)c1cc(F)ccc1F,1,3.11
CCOC(=O)c1cc(C)nc(C)c1,1,5.27
CCOC(C)n1cnc2c(N)ncnc12,1,3.70
CCOCC(O)=O,1,3.58
CCOC[P](O)(O)=O,1,7.02
CCON=C(C)C=NO,1,10.46
CCON=C(CC)C=NO,1,10.67
OC(=O)Cc1ccccc1I,1,4.04
OC(=O)Cc1ccccc1[N+]([O-])=O,1,4.00
OC(=O)[C@@H]1CCC(=O)N1,1,3.10
OC(=O)[C@@H]1CC[C@H](CC1)C(O)=O,1,5.18
OC(=O)[C@@]1(CCC(=O)N1)c2ccccc2,1,2.69
OC(=O)c1[nH]ccc1,1,4.37
OC(=O)c1c(F)c(F)c(F)c(F)c1F,1,1.50
OC(=O)c1c(F)cccc1F,1,2.24
CCc1[nH]ccn1,1,7.92
CCc1[nH]cnc1CC,1,8.19
CCc1ccc(C)nc1,1,6.43
CCc1cccc(O)c1,1,10.07
CCc1ccccn1,1,6.04
CCc1cccnc1,1,5.78
CCc1ccncc1,1,6.14
CCc1cnccc1C,1,6.35
OC(=O)Cc1ccc(I)cc1,1,4.18
OC(=O)Cc1ccc(cc1)[N+]([O-])=O,1,3.85
OC(=O)Cc1ccc(cc1[N+]([O-])=O)[N+]([O-])=O,1,3.50
CC[C@H]1[C@H](COC1=O)Cc2cncn2C,1,7.15
CC[N+]([O-])=O,1,8.57
CC[S](O)(=O)=O,1,1.68
CCc1[nH]c2ccccc2n1,1,6.15
CCc1[nH]cc(C)n1,1,8.60
OC(=O)C[Se]CCCC=C,1,3.80
OC(=O)C[Se]c1ccc(Br)cc1,1,3.59
OC(=O)C[Se]c1ccc(cc1)[N+]([O-])=O,1,3.34
OC(=O)C[Se]c1cccc(c1)[N+]([O-])=O,1,3.44
OC(=O)C[Se]c1ccccc1,1,3.64
OC(=O)C[Se]c1ccccc1Br,1,3.47
OC(=O)C[Se]c1ccccc1[N+]([O-])=O,1,3.31
OC(=O)Cc1ccc(Br)cc1,1,4.19
OC(=O)CSc1ccc(Br)cc1,1,3.22
OC(=O)CSc1ccc(cc1)C#N,1,3.01
OC(=O)CSc1ccc(cc1)[N+]([O-])=O,1,2.98
OC(=O)CSc1cccc(c1)C(F)(F)F,1,3.19
OC(=O)CSc1ccccc1,1,3.31
OC(=O)CSc1ccccc1[N+]([O-])=O,1,2.99
OC(=O)C[N+]([O-])=O,1,1.49
OC(=O)C[Se]CCC=C,1,3.77
OC(=O)COc1ccc(F)cc1,1,3.13
OC(=O)COc1ccc(I)cc1,1,3.16
OC(=O)COc1ccc(cc1)C#N,1,2.93
OC(=O)COc1ccc(cc1)[N+]([O-])=O,1,2.89
OC(=O)COc1cccc(Br)c1,1,3.10
OC(=O)COc1cccc(F)c1,1,3.08
OC(=O)COc1cccc(I)c1,1,3.13
OC(=O)COc1cccc(c1)C#N,1,3.03
CN(O)C(=O)c1ccc(cc1)[N+]([O-])=O,1,7.83
CN(O)C(=O)c1ccccc1,1,8.17
CN(O)C(C)=O,1,8.63
CN1C(=O)C(=NNC(N)=S)c2cc(ccc12)[S](O)(=O)=O,1,8.48
CN1C=CC=C(O)C1=O,1,8.89
CN1CCCC1,1,10.46
CN1CCCCC1,1,10.09
OC(=O)COc1ccc(Br)cc1,1,3.13
CN(C)c1ccc(cc1)[S](O)(=O)=O,1,3.49
CN(C)c1ccccc1,1,5.15
CN(C)c1cccnc1,1,6.52
CN(CC(=O)NCC(O)=O)C(=O)CN,1,8.23
CN(CC(O)=O)C(C)=O,1,3.30
CN(CC(O)=O)C(N)=N,1,2.63
CN(CCO)c1ccccc1C(O)=O,1,8.24
CN(O)C(=O)c1ccc(C)cc1,1,8.39
CCc1nccn1C=C,1,6.88
CCc1sc(N)nn1,1,3.35
CCn1ccnc1,1,7.21
CN,1,10.71
CN(C)C(=S)C(N)=S,1,10.57
CN(C)C1=C(C)N(C)N(c2ccccc2)C1=O,1,5.00
CN(C)O,1,5.20
CN(C)c1ccc(cc1)N=Nc2ccccc2[S](O)(=O)=O,1,3.49
OC(=O)C1(O)CCCC1,1,4.01
OC(=O)C1(O)CCCCC1,1,4.01
OC(=O)C1(O)CCCCCC1,1,4.07
OC(=O)C1=C(C(=O)NC(=O)N1)[N+]([O-])=O,1,4.83
OC(=O)C=O,1,3.06
OC(=O)CBr,1,2.82
OC(=O)CC#N,1,2.53
OC(=O)CCBr,1,3.89
CNC(=O)[C@@H](N)CCSC,1,7.33
CNC(=O)[C@H](CCSC)NC(=O)[C@@H](N)Cc1ccccc1,1,7.15
CNC(=O)c1cccnc1,1,3.45
OC(=O)CN(CC(O)=O)c1cc(ccc1C(O)=O)C(O)=O,1,7.54
OC(=O)CN(CCOc1ccccc1)CC(O)=O,1,8.38
OC(=O)CNC(=O)c1ccccc1,1,3.49
OC(=O)CCI,1,3.98
OC(=O)CI,1,3.09
OC(=O)CSCCC=C,1,3.61
OC(=O)CSCCCC=C,1,3.63
CN1N(C(=O)C(=C1C)NC(C)=O)c2ccccc2,1,0.50
CN1N(C(=O)C=C1C)c2ccccc2,1,1.50
CN1N(c2ccccc2)C(=O)C(=C1C)N,1,4.23
CN1N(c2ccccc2)C(=O)C(=C1C)O,1,1.50
CN=C(NCCSCc1nc[nH]c1C)NC#N,1,6.76
CNC(=O)[C@@H](N)CC(C)C,1,7.72
OC(=O)COc1cccc(c1)[N+]([O-])=O,1,2.95
OC(=O)COc1ccccc1,1,3.10
OC(=O)COc1ccccc1Br,1,3.12
OC(=O)COc1ccccc1C#N,1,2.98
OC(=O)COc1ccccc1F,1,3.08
OC(=O)COc1ccccc1I,1,3.17
OC(=O)COc1ccccc1[N+]([O-])=O,1,2.90
OC(=O)CSCC=C,1,3.57
COC(=O)CCC(N)C(=O)OC,1,7.03
COC(=O)CCCN,1,9.84
COC(=O)CCN,1,9.17
COC(=O)CN,1,7.66
COC(=O)CN(C)C(=O)CN,1,8.01
COC(=O)CNC(=O)CN,1,7.78
COC(=O)CS,1,7.99
Nc1ncccc1[N+]([O-])=O,1,2.42
CNc1ccccc1,1,4.84
COC(=O)C(C)N,1,7.76
COC(=O)C(N)C(C)C,1,7.48
COC(=O)C(N)CC(C)C,1,7.63
COC(=O)C(N)CCSC,1,7.10
COC(=O)C(N)CO,1,7.05
COC(=O)C(O)Cc1c[nH]cn1,1,6.73
COC(=O)C1=C(O)C(=O)C(=C1C(=O)OC)C(=O)OC,1,7.84
OC#N,1,3.48
OC(=O)C#CBr,1,1.86
OC(=O)C(=O)Cc1ccccc1,1,2.33
OC(=O)C(Cc1ccccc1)(Cc2ccccc2)C(O)=O,1,7.75
OC(=O)C(O)(c1ccccc1)c2ccccc2,1,2.88
CNCc1[nH]cc(c1)[S](O)(=O)=O,1,9.58
CNO,1,5.96
CNOC,1,4.75
O=C1NNC(=O)N1,1,5.69
O=Cc1cccc(C=O)n1,1,2.13
O=Cc1ccccn1,1,3.84
O=Cc1cccnc1,1,3.75
O=Cc1ccncc1,1,4.65
OB(O)O,1,8.97
OB(O)c1cccc(c1)[N+]([O-])=O,1,6.96
OB(O)c1ccccc1,1,8.75
CON=C(C)C=NO,1,10.55
CO[P](O)(O)=O,1,6.25
CO[P]([O-])(=O)O[P]([O-])(=O)O[P](O)(O)=O,1,6.45
COc1cc(C)nc(C)c1,1,8.04
COc1cc(C=O)ccc1O,1,7.40
Nc1ccc(cc1)[S](O)(=O)=O,1,3.18
Nc1ccc(cn1)[N+]([O-])=O,1,2.80
Nc1cccc(I)c1,1,3.59
COC(=O)c1cccnc1,1,3.13
COC(=O)c1ccncc1,1,3.26
COC1(C=CC=CC1O)N=O,1,6.48
COCC(O)=O,1,3.53
COCCC(O)=O,1,4.71
COCCN,1,9.48
CON,1,4.65
CON(C)C,1,3.65
O=C1NC=CC(=O)N1,1,9.31
COC(=O)C[C@H](N)C([O-])=O,1,8.50
COC(=O)[C@@H](N)Cc1c[nH]c2ccccc12,1,7.24
COC(=O)[C@@H](N)Cc1ccccc1,1,6.88
COC(=O)[C@H](Cc1c[nH]cn1)NC(=O)[C@@H]2CCC(=O)N2,1,6.34
COC(=O)c1ccc2cccc(O)c2n1,1,9.25
COC(=O)c1ccccc1O,1,9.97
COC(=O)c1ccccn1,1,2.21
Nc1ncccn1,1,3.89
Nc1ncnc2n(cnc12)[C@@H]3O[C@H](CO)[C@@H](O)[C@H]3O,1,3.60
Nc1ncnc2n(cnc12)[C@H]3C[C@H](O)[C@@H](CO)O3,1,3.77
Nc1ncnc2nc[nH]c12,1,4.26
Nc1sccn1,1,5.57
Nc1scnn1,1,2.78
O=C(CC(=O)c1occc1)c2occc2,1,8.15
O=C1CCNCCNC(=O)CC(=O)NCCN1,1,8.11
COc1ccc(cc1)c2ccc(NN)nn2,1,5.57
COc1cccc(C(O)=O)c1OC,1,3.50
COc1cccc(C=O)c1O,1,7.91
COc1cccc(N)c1,1,4.21
COc1cccc(O)c1,1,9.65
COc1cccc(OCC(O)=O)c1,1,3.14
COc1cccc(S)c1,1,6.38
COc1cccc(SCC(O)=O)c1,1,3.28
COc1ccc(O)cc1,1,10.09
COc1ccc(OCC(O)=O)cc1,1,3.21
COc1ccc(S)cc1,1,6.78
COc1ccc(SCC(O)=O)cc1,1,3.43
COc1ccc([Se]CC(O)=O)cc1,1,3.75
COc1ccc(cc1)C(=O)N(C)O,1,8.56
COc1ccc(cc1)C(=O)NO,1,8.65
COc1ccc(cc1)C(O)=O,1,4.37
Nc1ccncc1[N+]([O-])=O,1,5.05
COc1ccc(C=O)cc1O,1,8.89
COc1ccc(CC(O)=O)cc1,1,4.36
COc1ccc(CC(O)=O)cc1OC,1,4.33
COc1ccc(CCN)cc1OC,1,9.87
COc1ccc(CN)cc1,1,9.56
COc1ccc(N)c(N)c1,1,5.10
COc1ccc(N)cc1,1,5.36
Nc1cccc(c1)[S](O)(=O)=O,1,3.69
Nc1cccc2cccnc12,1,3.99
Nc1cccc[n+]1[O-],1,2.47
Nc1ccccc1[S](O)(=O)=O,1,2.42
Nc1ccccn1,1,6.82
Nc1cccnc1,1,6.08
Nc1cccnc1[N+]([O-])=O,1,0.00
Nc1ccncc1,1,9.22
CSCC(O)=O,1,3.63
CSCCCN,1,10.10
CSCCN,1,9.43
CSCCc1ccccn1,1,5.33
NNC(N)=S,1,1.85
NNC(N)=[Se],1,0.90
NNc1ccc(nn1)c2ccccc2,1,5.46
NNc1ccccn1,1,7.24
COc1ccccc1SCC(O)=O,1,3.48
COc1ccccc1[Se]CC(O)=O,1,3.76
COc1ccccc1c2ccc(NN)nn2,1,5.40
COc1cccnc1,1,4.89
COc1cccnc1C=O,1,2.89
COc1ccncc1,1,6.47
COc1cnccc1C=O,1,4.45
COc1ncnc2n(cnc12)[C@@H]3O[C@H](CO)[C@@H](O)[C@H]3O,1,1.10
Nc1ccc(I)cc1,1,3.82
COc1cccc(c1)C(O)=O,1,3.96
COc1cccc(c1)c2ccc(NN)nn2,1,5.45
COc1ccccc1C(O)=O,1,3.98
COc1ccccc1N,1,4.53
COc1ccccc1O,1,9.98
COc1ccccc1OCC(O)=O,1,3.23
COc1ccccc1S,1,6.89
COc1cccc([Se]CC(O)=O)c1,1,3.62
N[C@@H](Cc1ccccc1)C(N)=O,1,7.26
N[C@@H]1C(O)O[C@H](CO)[C@@H](O)[C@@H]1O,1,7.54
N[C@H]1C(O)O[C@H](CO)[C@@H](O)[C@@H]1O,1,7.42
N[C@H]1C(O)O[C@H](CO)[C@H](O)[C@@H]1O,1,7.67
Nc1[nH]c2ccccc2n1,1,7.45
Nc1cc[nH]n1,1,3.95
Nc1ccc(Br)cn1,1,4.91
NCCCCCCO,1,10.81
NCCCCCO,1,10.76
NCCCCC[S](O)(=O)=O,1,10.46
NCCCCCc1ccccc1,1,10.55
NCCCCO,1,10.46
NCC(=O)NCC(N)=O,1,7.78
NCC(=O)NCCC(N)=O,1,7.83
NCC(N)=O,1,8.09
NCCC[S](O)(=O)=O,1,9.74
NCCCc1ccccc1,1,10.34
NCCO,1,9.64
NCCCC[S](O)(=O)=O,1,10.24
NCCCCc1ccccc1,1,10.52
NCCC(=O)NCC(N)=O,1,9.14
NCCC(=O)NCCC(N)=O,1,9.21
NCCC(N)=O,1,9.20
NCc1ccccc1,1,9.41
CSC[C@H](NC(=O)CC[C@H](N)C(O)=O)C(=O)NCC(O)=O,1,9.08
CSc1[nH]nnn1,1,4.00
CSc1ccc(cc1)C(O)=O,1,3.90
CSc1cccc2cccnc12,1,3.42
CSc1ccccc1S,1,5.75
CSc1ncnc2n(cnc12)[C@@H]3O[C@H](CO)[C@@H](O)[C@H]3O,1,1.10
NCCCO,1,10.30
NNc1nncc2ccccc12,1,6.86
NO,1,6.04
N[C@@H](CO)C(N)=O,1,7.18
NCCOCCO,1,9.42
NCCSCCO,1,9.27
NCCc1ccccc1,1,9.99
NCc1ccc(cc1)C#N,1,8.61
NCc1ccc(cc1)C(F)(F)F,1,8.84
NC1=NC(=O)N(C=C1)[C@@H]2O[C@H](CO)[C@@H](O)[C@H]2O,1,4.08
NC1=NC(=O)NC=C1,1,4.56
Fc1c(F)c(F)c(S)c(F)c1F,1,2.68
Ic1cccnc1,1,3.35
N,1,9.59
N#CCc1cccnc1,1,4.06
N#Cc1cccnc1,1,1.40
N#Cc1ccncc1,1,1.48
NC(=S)NN=C1C(=O)Nc2ccc(cc12)[S](O)(=O)=O,1,8.43
NC(=S)NN=Cc1ccc(cc1)[S](O)(=O)=O,1,10.80
NC(=S)c1ccc(N)cc1,1,2.60
NC(=S)c1ccc(O)cc1,1,8.28
NC(CO)(CO)CO,1,8.40
NC(N)=N,1,13.50
NC(O)=O,1,6.76
NC1=CC(=O)C(=CC=C1)O,1,7.47
NCC(=O)N1CCC[C@H]1C(=O)NCC(=O)N[C@@H](Cc2ccccc2)C(O)=O,1,8.33
NCC(=O)N1CCC[C@H]1C(=O)N[C@@H](Cc2ccccc2)C(=O)NCC(O)=O,1,8.29
NCC(=O)N1CCC[C@H]1C(=O)N[C@H](Cc2ccccc2)C(=O)NCC(O)=O,1,8.64
NCC(=O)NCC(=O)NCC(N)=O,1,7.75
C[C@H](N)C(N)=O,1,8.03
NC(=O)c1ccccn1,1,1.80
NC(=O)c1cccnc1,1,3.36
NC(=O)c1ccncc1,1,3.65
NCC(O)CO,1,9.26
NCC(O)c1ccccc1,1,8.79
NCC1CCCCC1,1,10.70
NCC=C,1,9.52
NC1=Nc2nc[nH]c2C(=O)N1,1,9.42
NC1CCCC1,1,10.64
NC1CCCCC1,1,10.59
NCC#N,1,5.16
C[C@H](NC(N)=O)C(O)=O,1,3.89
C[C@]1(CCC(=O)N1)C(O)=O,1,3.14
C[N+](C)(C)CCS,1,7.88
C[N+]([O-])=O,1,10.20
C[S](O)(=O)=O,1,1.92
C[Se]CCN,1,9.42
C[Se]c1cccc2cccnc12,1,3.25
C[Si](C)(C)c1ccc(cc1)C(O)=O,1,4.20
NC(=O)NCCC(O)=O,1,4.49
NC(=O)NCCCC(O)=O,1,4.68
NC(=O)[C@@H]1CCCN1,1,8.69
NC(=O)[C@@H]1CCCN1C(=O)[C@@H](Cc2c[nH]cn2)NC(=O)[C@@H]3CCC(=O)N3,1,6.15
NC(=O)[C@@H]1CCCN1C(=O)[C@H](Cc2c[nH]cn2)NC(=O)[C@@H]3CCC(=O)N3,1,6.34
NC(=O)[C@@H]1CCCN1C(=O)[C@H](Cc2ccc(O)cc2)NC(=O)[C@@H]3CCC(=O)N3,1,9.82
NC(=O)c1ccccc1O,1,8.89
C[C@H](NC(C)=O)C(O)=O,1,3.71
NC(=O)CCCc1ccncc1,1,5.64
NC(=O)CCc1ccccn1,1,5.09
NC(=O)CCc1cccnc1,1,5.21
NC(=O)CCc1ccncc1,1,5.58
NC(=O)Cc1ccccn1,1,4.34
NC(=O)Cc1cccnc1,1,4.72
NC(=O)Cc1ccncc1,1,5.08
NC(=O)NCC(O)=O,1,3.88
N(c1ccccn1)c2ccccn2,1,7.08
N=[N+]=[N-],1,4.61
NC(=O)C(=O)NCc1ccccn1,1,4.20
NC(=O)CCCCc1ccccn1,1,5.73
NC(=O)CCCCc1cccnc1,1,5.60
NC(=O)CCCCc1ccncc1,1,5.92
NC(=O)CCCc1ccccn1,1,5.48
NC(=O)CCCc1cccnc1,1,5.33
FC(F)(F)C(=O)CC(=O)c1sccc1,1,6.34
FC(F)(F)c1[nH]nnn1,1,1.70
FC1=CNC(=O)NC1=O,1,7.86
Cc1[nH]c2ccccc2n1,1,6.34
Cc1[nH]cc(C)n1,1,8.45
Cc1[nH]ccn1,1,7.98
Cc1[nH]cnc1C,1,8.19
Cc1[nH]nc(C)c1,1,4.21
Cn1cnc2ncnc(N)c12,1,4.13
Cn1cnc2ncncc12,1,2.59
Cn1nc(C)c(C)c1C,1,4.48
Cn1nc(C)cc1C,1,3.96
Cn1ncc(C)c1C,1,3.58
Cn1ncc2ccccc12,1,0.40
FC(F)(F)C(=O)CC(=O)c1ccc2ccccc2c1,1,6.28
FC(F)(F)C(=O)CC(=O)c1occc1,1,6.20
Cn1cnc2N=CNC(=O)c12,1,9.07
Cn1cnc2c(C)ncnc12,1,3.40
Cn1cnc2c(N)nc(C)nc12,1,5.02
Cn1cnc2c(N)ncnc12,1,4.10
Cn1cnc2ccccc12,1,5.66
Cn1cnc2cnc(C)nc12,1,3.69
Cn1cnc2cnc(N)nc12,1,4.11
Cn1cnc2cncnc12,1,2.83
C[Si](C)(C)c1cccc(c1)C(O)=O,1,4.09
Cn1cc(C)c(C)n1,1,3.56
Cn1cc2ccccc2n1,1,2.00
Cn1cccn1,1,2.04
Cn1ccnc1,1,7.20
Cn1ccnc1C,1,8.21
Cn1ccnc1S,1,11.58
Cn1cnc2C(=O)NC=Nc12,1,9.22
Cc1ccc(C)c(C)n1,1,7.44
Cc1ccc(C)c(O)c1,1,10.40
Cc1ccc(C)nc1,1,6.50
Cc1ccc(CN)cc1,1,9.51
Cc1ccc(N)c(N)c1,1,4.88
Cc1ccc(N)nc1,1,7.22
Cc1ccc(O)cc1,1,10.06
Cc1ccc(OCC(O)=O)cc1,1,3.21
Cc1cc(O)ccc1[N+]([O-])=O,1,7.36
Cc1cc(cc(Br)c1O)C2(O[S](=O)(=O)c3ccccc23)c4cc(C)c(O)c(Br)c4,1,6.20
Cc1cc(cc(C)c1O)[N+]([O-])=O,1,7.22
Cc1cc(cc(C)n1)C#N,1,3.68
Cc1cc(cc(C)n1)[N+]([O-])=O,1,3.15
Cc1cc(ccc1N)[S](O)(=O)=O,1,3.13
Cc1cc2cccnc2c3ncccc13,1,5.21
Cc1cc[nH]n1,1,3.44
Cc1cc(C)c(O)c(C)c1,1,10.89
Cc1cc(C)c(O)cc1C,1,10.57
Cc1cc(C)c(c(C)n1)[N+]([O-])=O,1,3.47
Cc1cc(C)cc(O)c1,1,10.09
Cc1cc(C)nc(C)c1,1,7.22
Cc1cc(C)nc(N)n1,1,5.10
Cc1cc(O)cc(C)c1C,1,10.25
Cc1cc(O)cc(C)c1[N+]([O-])=O,1,8.25
Cc1[nH]nc(C)c1C,1,4.82
Cc1[nH]nnn1,1,5.47
Cc1c(Br)c(O)c(Br)cc1C2(O[S](=O)(=O)c3ccccc23)c4cc(Br)c(O)c(Br)c4C,1,4.68
Cc1c(C)c2cccnc2c3ncccc13,1,5.53
Cc1c[nH]cn1,1,7.63
Cc1c[nH]nc1,1,3.06
Cc1cc(Br)cc(C)n1,1,5.41
Cc1cc(C)c(C)c(O)c1,1,10.67
Cc1ccccc1S,1,7.00
Cc1ccccc1SCC(O)=O,1,3.27
Cc1ccccc1[Se]CC(O)=O,1,3.65
Cc1ccccn1,1,5.99
Cc1cccnc1,1,5.73
Cc1cccnc1C,1,6.67
Cc1cccnc1N,1,7.08
Cc1cccnn1,1,3.36
Cc1cccc(O)c1C,1,10.54
Cc1cccc(OCC(O)=O)c1,1,3.20
Cc1cccc(S)c1,1,6.66
Cc1cccc(SCC(O)=O)c1,1,3.28
Cc1cccc([Se]CC(O)=O)c1,1,3.67
Cc1ccccc1C(=O)NO,1,8.56
Cc1ccccc1O,1,10.20
Cc1ccccc1OCC(O)=O,1,3.23
Cc1ccc2ccc3cccnc3c2n1,1,5.30
Cc1cccc(C)c1O,1,10.62
Cc1cccc(C)c1OCC(O)=O,1,3.36
Cc1cccc(C)c1S,1,7.38
Cc1cccc(C)n1,1,6.83
Cc1cccc(CCO)n1,1,6.10
Cc1cccc(CO)n1,1,5.43
Cc1cccc(O)c1,1,10.10
Cc1ccc(S)cc1,1,6.82
Cc1ccc(SCC(O)=O)cc1,1,3.34
Cc1ccc([Se]CC(O)=O)cc1,1,3.72
Cc1ccc(c(C)n1)[N+]([O-])=O,1,2.87
Cc1ccc(c(C)n1)[S](O)(=O)=O,1,4.80
Cc1ccc(cc1)N(O)C(C)=O,1,8.70
Cc1ccc(cc1N)[S](O)(=O)=O,1,3.64
Cc1ccc2ccc3ccc(C)nc3c2n1,1,5.83
CC(=O)NCC(=O)NCC(O)=O,1,3.36
CC(=O)NCC(O)=O,1,3.52
CC(=O)NCCC(O)=O,1,4.45
CC(=O)NCCS,1,9.92
CC(=O)NCCc1c[nH]cn1,1,7.12
Oc1ccccc1Br,1,8.33
Oc1ccccc1C#N,1,6.86
Oc1ccccc1CC=C,1,10.27
CC(=O)CCCC(O)=O,1,4.66
CC(=O)N(O)c1ccc(I)cc1,1,8.18
CC(=O)N(O)c1ccc(cc1)C#N,1,8.14
CC(=O)N(O)c1cccc(I)c1,1,8.20
CC(=O)N(O)c1cccc(c1)C#N,1,8.15
CC(=O)N(O)c1cccc(c1)C(C)=O,1,8.23
CC(=O)N(O)c1ccccc1,1,8.33
CC(=O)NC(Cc1ccc(O)cc1)C(O)=O,1,9.88
[nH]1cnc2cccnc12,1,4.10
[nH]1cnnn1,1,4.90
CC(=O)C(/C)=N/O,1,9.39
CC(=O)C(O)=O,1,2.30
CC(=O)CC(=O)c1occc1,1,8.64
CC(=O)CC(=O)c1sccc1,1,8.36
CC(=O)CC(O)=O,1,3.61
CC(=O)CCC(O)=O,1,4.49
[nH]1cccn1,1,2.63
[nH]1ccnc1,1,7.38
[nH]1ccnc1c2ccccc2,1,6.39
[nH]1ccnc1c2ccccn2,1,5.47
[nH]1ccnn1,1,9.26
[nH]1cnc(c1)c2ccccc2,1,6.00
[nH]1cnc(c1)c2ccccn2,1,5.49
[nH]1cnc2ccccc12,1,5.63
c1cc(ccn1)c2ccncc2,1,4.67
c1ccc(cc1)c2ccccn2,1,4.64
c1ccc(cc1)c2cccnc2,1,4.81
c1ccc(cc1)c2ccncc2,1,5.38
c1ccc(nc1)c2cccnc2,1,4.42
c1ccc(nc1)c2ccncc2,1,4.77
c1ccc2ncccc2c1,1,4.89
c1ccncc1,1,5.31
c1ccnnc1,1,2.48
c1cnc2ccc3ncccc3c2c1,1,4.00
c1cncc(c1)c2cccnc2,1,4.60
c1cncc(c1)c2ccncc2,1,4.85
c1cnccn1,1,0.97
s1ccc(c1)c2ccccn2,1,4.67
s1ccc(c1)c2cccnc2,1,4.81
s1ccc(c1)c2ccncc2,1,5.60
s1cccc1c2ccccn2,1,3.69
s1cccc1c2cccnc2,1,4.41
s1cccc1c2ccncc2,1,5.48
s1ccnc1,1,2.80
s1ccnc1c2ccccn2,1,2.16
s1cnc(c1)c2ccccn2,1,4.05
s1cncc1c2ccccn2,1,2.68
Brc1[nH]nnc1Br,1,5.37
Cc1ccc(S)c(S)c1,2,"5.34,11.00"
Cc1ccc(CNCCN)cc1,2,"6.51,9.41"
Cc1cccc(CN)n1,2,"3.08,8.90"
Cc1ccc2c(ccc(O)c2n1)[S](O)(=O)=O,2,"4.63,8.72"
Cc1ccc2cccc(O)c2n1,2,"5.65,8.83"
Cc1ccc2cccc(S)c2n1,2,"2.22,8.99"
Cc1cccc(C(O)=O)c1O,2,"2.92,14.80"
Cc1cccc(C)c1NC(=O)CN(CC(O)=O)CC(O)=O,2,"2.16,5.88"
CC(=O)NCCN(CC(O)=O)CC(O)=O,2,"1.90,8.17"
C(CCc1ccccn1)CCc2ccccn2,2,"5.45,6.33"
C(CCc1ccccn1)Cc2ccccn2,2,"5.27,6.25"
Cc1cc(C)c(NC(=O)CN(CC(O)=O)CC(O)=O)c(C)c1,2,"2.19,6.01"
Cc1ccc(cc1)[S](=O)(=O)NCCN(CC(O)=O)CC(O)=O,2,"2.15,7.86"
Cc1ccc(cc1C)[P](O)(O)=O,2,"2.04,7.72"
Cc1ccc(O)c(c1)C(O)=O,2,"2.96,14.30"
Cc1ccc(O)cn1,2,"5.44,8.96"
CC(=O)NCC(=O)NCC(=O)N[C@@H](Cc1c[nH]cn1)C(O)=O,2,"2.96,7.06"
CC(=O)CN(CC(O)=O)CC(O)=O,2,"2.62,7.71"
CC(=O)N(O)CCCC1NC(=O)C(CCCN(O)C(C)=O)NC1=O,2,"8.49,9.44"
Oc1cnccc1C=O,2,"4.04,6.73"
SC([S-])=S,2,"2.68,8.22"
Oc1ccccc1O,2,"9.33,13.20"
CC(=O)NCC(=O)N[C@@H](Cc1c[nH]cn1)C(=O)NCC(O)=O,2,"3.13,6.74"
CC(=O)NCC(=O)N[C@@H](Cc1c[nH]cn1)C(O)=O,2,"2.87,6.99"
[nH]1cncn1,2,"2.53,9.89"
[SeH]C([Se-])=[Se],2,"1.16,7.13"
[O-][NH+]1CCCNCCNC(=O)C(CCc2ccccn2)C(=O)NCC1,2,"5.22,9.33"
[H+].[Cl-].CN(C)C(=N)N=C(N)N,2,"3.10,12.40"
[Na+].[Na+].Oc1cc(cc(c1O)[S]([O-])(=O)=O)[S]([O-])(=O)=O,2,"7.50,12.18"
CC(=O)NCC(=O)N(CC(O)=O)C(=O)[C@@H](N)Cc1cncn1Cc2ccccc2,2,"3.18,6.25"
CC(=O)NCC(=O)NCC(=O)NCC(=O)N[C@@H](Cc1c[nH]cn1)C(O)=O,2,"3.04,7.09"
CC(=O)NCC(=O)NCC(=O)N[C@@H](Cc1c[nH]cn1)C(=O)NCC(O)=O,2,"3.17,6.78"
CC(=O)N[C@@H](CS)C(O)=O,2,"3.09,9.44"
CC(=O)N[C@@H](Cc1c[nH]cn1)C(O)=O,2,"2.84,7.02"
Sc1cccc2c(ccnc12)c3ccccc3,2,"2.00,8.38"
Sc1cccc2ccc(nc12)c3ccccc3,2,"1.30,7.89"
Sc1cccc2cccnc12,2,"2.06,8.29"
CC(C(C)C(O)=O)C(O)=O,2,"3.58,5.07"
CC(C(O)=O)C(=O)C(O)=O,2,"1.70,4.18"
CC(C(O)=O)C(O)=O,2,"2.89,5.36"
c1ccc(C=Cc2ccccn2)nc1,2,"2.81,4.95"
C[C@H](NC(=O)CNC(=O)CN)C(O)=O,2,"3.18,7.90"
C[C@H](NC(=O)CNC(=O)CNC(=O)CNC(=O)CN)C(O)=O,2,"3.37,7.86"
C[C@H](NC(=O)OC(C)(C)C)C(=O)NCC(=O)NCC(=O)N[C@@H](Cc1c[nH]cn1)C(O)=O,2,"2.83,7.19"
Oc1cccnc1,2,"4.95,8.62"
Oc1cccnc1C=O,2,"3.40,6.95"
CC(=O)N[C@@H](CC(O)=O)C(O)=O,2,"3.04,4.49"
CC(=O)N[C@@H](CCC(O)=O)C(O)=O,2,"3.29,4.60"
C(Cc1ccccn1)c2ccccn2,2,"3.99,5.80"
C(c1[nH]ccn1)c2[nH]ccn2,2,"4.52,6.78"
C(c1ccccn1)c2ccccn2,2,"2.69,5.18"
C(CCCc1ccccn1)CCc2ccccn2,2,"5.61,6.38"
C1CNCCN1,2,"5.58,9.81"
c1ccc(nc1)c2ccccn2,2,"1.30,4.70"
c1ccc(nc1)c2nc(nc(n2)c3ccccn3)c4ccccn4,2,"2.46,3.46"
c1cc(ccn1)C=Cc2ccncc2,2,"4.41,5.65"
Cc1ccc(cc1)[P](O)(O)=O,2,"2.00,7.66"
C1CNCCCNC1,2,"7.07,10.65"
C1CN2CCN1CC2,2,"2.97,8.82"
CC(=C/C(O)=O)/C(O)=O,2,"2.28,5.74"
C1CNCCNCCN1,2,"6.95,10.61"
CC(=NO)c1ccccn1,2,"3.97,10.87"
C(Cc1ccccn1)Cc2ccccn2,2,"4.80,6.15"
Cc1ncc(CO)c(C)c1O,2,"5.36,9.34"
SCCS,2,"8.93,10.43"
Sc1cc(cc2cccnc12)c3ccccc3,2,"1.90,8.08"
Sc1ccc(c2ccccc2)c3cccnc13,2,"1.90,8.30"
C[C@H](N)C(=O)N[C@@H](CCCNC(N)=N)C(O)=O,2,"2.99,7.95"
NC(C(O)C(O)C(O)CO)C(O)=O,2,"2.20,9.08"
NC(Cc1cc(I)c(O)c(I)c1)C(O)=O,2,"6.16,9.10"
NC(=S)C(N)=S,2,"10.86,13.10"
C[C@H](N)C(=O)N[C@H](C)C(=O)N[C@@H](C)C(O)=O,2,"3.20,8.02"
CC(C)(N)CN,2,"6.65,9.93"
CC(C)(N)CNC1CCCCC1,2,"6.77,10.18"
CC(C)(NC(=O)CN)C(=O)NCC(O)=O,2,"3.33,8.20"
CC(C)(NC(=O)CNC(=O)CN)C(=O)NCC(O)=O,2,"3.55,7.98"
Oc1ccc(c(c1O)[N+]([O-])=O)[N+]([O-])=O,2,"4.02,8.24"
Oc1ccc(Br)cc1O,2,"8.37,11.32"
Oc1cc(cc(c1O)[N+]([O-])=O)[N+]([O-])=O,2,"3.35,9.83"
CC(C)(N)C(=O)NC(C)(C)C(=O)NC(C)(C)C(O)=O,2,"3.82,8.11"
CC(C)(N)C(=O)NC(C)(C)C(O)=O,2,"3.67,8.26"
CC(C)(N)C(C)(C)N,2,"6.40,10.02"
CC(C)(C)[P](O)(O)=O,2,"2.63,8.57"
CC(C)(CC(O)=O)C(O)=O,2,"3.83,5.17"
CC(C)(CC(O)=O)CC(O)=O,2,"3.70,6.29"
CC(C)([SeH])CN,2,"5.10,10.84"
CC(C)(N)C(O)=O,2,"2.44,10.22"
FC1(F)CNCCNCC(F)(F)CNCCNC1,2,"6.70,8.22"
FC1(F)CNCCNCCCNCCNC1,2,"7.52,10.78"
FC1CNCCNCCCNCCNC1,2,"9.41,10.96"
C[C@H](N)C(=O)N[C@H](Cc1ccccc1)C(O)=O,2,"2.99,8.13"
C[C@H](N)C(O)=O,2,"2.51,9.93"
Oc1cccc(O)c1,2,"9.29,11.03"
CC(C)(N)C(=O)NC(C)(C)C(=O)NC(C)(C)C(=O)NC(C)(C)C(O)=O,2,"3.80,7.78"
CC(C)(N)C(=O)NC(C)(C)C(=O)NC(C)(C)C(=O)NCC(O)=O,2,"3.46,8.33"
C[C@H](N)C(=O)N[C@H](C)C(=O)N[C@@H](C)C(=O)N[C@@H](C)C(O)=O,2,"3.11,7.88"
C[C@H](N)C(=O)N[C@@H](C)C(=O)N[C@H](C)C(O)=O,2,"3.26,7.94"
C[C@H](N)C(=O)N[C@@H](C)C(O)=O,2,"3.27,8.15"
NCC(=O)NCCCNC(=O)CN,2,"7.72,8.40"
NCC(=O)NCCc1c[nH]cn1,2,"6.78,8.04"
NCC(=O)NO,2,"7.48,9.18"
NCC(=O)N[C@@H](CC(N)=O)C(O)=O,2,"2.99,8.24"
NCC(=O)N[C@@H](CO)C(O)=O,2,"2.98,8.25"
NCC(=O)NCC(=O)N1CCC[C@H]1C(=O)NCC(O)=O,2,"3.17,8.06"
C[C@H](N)C(=O)N[C@@H](C)C(=O)N[C@H](C)C(=O)N[C@@H](C)C(O)=O,2,"3.13,7.82"
NCC(=O)NCC(=O)NCC(=O)NO,2,"7.51,8.40"
NCC(=O)NCC(=O)NCC(O)=O,2,"3.30,8.10"
NCC(=O)NCC(=O)NCCC(O)=O,2,"4.04,7.89"
C[C@H](N)C(=O)N[C@@H](C)C(=O)N[C@@H](C)C(=O)N[C@@H](C)C(O)=O,2,"3.31,7.83"
C[C@H](N)C(=O)N[C@@H](C)C(=O)N[C@@H](C)C(O)=O,2,"3.28,7.92"
C[C@H](N)C(=O)N[C@@H](Cc1ccccc1)C(O)=O,2,"3.20,7.90"
NC1=NC(=O)c2ncn(C3OC(CO[P](O)(=O)O[P](O)(=O)O[P](O)(O)=O)C(O)C3O)c2N1,2,"2.91,6.79"
NC1=NC(=O)c2ncn(C3OC(CO[P](O)(=O)O[P](O)(O)=O)C(O)C3O)c2N1,2,"2.80,6.73"
NC1=Nc2n(cnc2C(=O)N1)[C@@H]3O[C@H](CO)[C@@H](O)[C@H]3O,2,"2.10,9.15"
NC1=Nc2n(cnc2C(=O)N1)[C@H]3C[C@H](O)[C@@H](CO)O3,2,"2.12,9.11"
NCC(=O)NCC(=O)NO,2,"7.52,8.40"
NCC(=O)N1C[C@H](O)C[C@H]1C(O)=O,2,"2.80,8.37"
NCC(=O)NC(CO)C(=O)NCC(O)=O,2,"3.23,7.99"
NCC(=O)NCC(=O)N1CCC[C@H]1C(=O)NCC(=O)NCC(=O)NCC(=O)N2CCC[C@H]2C(=O)NCC(O)=O,2,"3.11,8.17"
C[C@H](N)C(=O)N[C@H](C)C(O)=O,2,"3.13,8.29"
NC1(CCCC1)C(O)=O,2,"2.40,10.31"
NC1(CCCCC1)C(O)=O,2,"2.41,10.13"
NC1(CCCCC1)C2(N)CCCCC2,2,"5.62,10.41"
NC1(CCCCCC1)C(O)=O,2,"2.59,10.46"
NC1=C(NC(=O)NC1=O)C(O)=O,2,"2.63,8.72"
NC(=N)NC(N)=N,2,"3.01,13.00"
NC1=NC(=O)N(C=C1)C2OC(CO[P](O)(=O)O[P](O)(=O)O[P](O)(O)=O)C(O)C2O,2,"4.47,6.91"
Oc1cccc2cccnc12,2,"5.22,9.72"
NCC(N)=NO,2,"2.47,7.94"
NCC(O)=O,2,"2.50,9.76"
NCC(=O)NCCCCNC(=O)CN,2,"7.78,8.41"
NCC(=C)CN,2,"8.33,10.09"
NCC(=O)N1CCC[C@H]1C(=O)N2CCC[C@H]2C(=O)NCC(=O)NCC(O)=O,2,"3.28,8.30"
NCC(=O)N1CCC[C@H]1C(=O)NCC(=O)N2CCC[C@H]2C(=O)NCC(O)=O,2,"3.31,8.36"
NCC(O)C(O)=O,2,"2.66,9.13"
CC(C)C[C@H](N)C(=O)N[C@H](CC(C)C)C(=O)NCC(O)=O,2,"3.33,7.89"
CC(C)C[C@H](N)C(=O)N[C@H](Cc1ccccc1)C(O)=O,2,"2.89,8.15"
CC(C)C[C@H](N)C(O)=O,2,"2.32,9.61"
CC(C)C[C@H](NC(=O)[C@@H](C)N)C(O)=O,2,"3.14,8.23"
CC(C)C[C@H](N)C(=O)NCC(=O)N[C@H](CC(C)C)C(O)=O,2,"3.32,7.79"
CC(C)(CN)CN,2,"8.18,10.22"
Oc1cccc(c1)[P](O)(O)=O,2,"4.52,10.03"
Oc1cccc(c1O)[N+]([O-])=O,2,"6.48,11.60"
CC(C)C[C@H](N)C(=O)NCC(O)=O,2,"3.09,8.06"
CC(C)C[C@H](N)C(=O)NO,2,"7.20,9.12"
CC(C)C[C@H](N)C(=O)N[C@@H](C)C(O)=O,2,"3.36,8.08"
CC(C)C[C@H](N)C(=O)N[C@@H](CC(C)C)C(=O)NCC(O)=O,2,"3.56,7.62"
CC(C)C[C@H](N)C(=O)N[C@@H](CC(C)C)C(=O)N[C@@H](CC(C)C)C(O)=O,2,"3.59,7.65"
CC(C)C[C@H](N)C(=O)N[C@@H](Cc1ccccc1)C(O)=O,2,"3.18,7.68"
CC(C)C[C@@H](N)C(=O)NCC(=O)N[C@@H](CC(C)C)C(O)=O,2,"3.33,7.81"
CC(C)C[C@H](N)C(=O)N[C@H](C)C(O)=O,2,"2.98,8.17"
Oc1ccc(cc1)[P](O)(O)=O,2,"4.85,10.56"
Oc1ccc(O)cc1,2,"9.87,11.45"
CC(C)C[C@@H](N)C(=O)N[C@@H](CC(C)C)C(=O)NCC(O)=O,2,"3.33,7.87"
CC(C)C[C@@H](NC(=O)[C@H](CC(C)C)NC(=O)CN)C(O)=O,2,"3.42,8.03"
CC(C)C[C@H](N)C(=O)NCC(=O)NCC(O)=O,2,"3.23,7.75"
CC(C)C[C@H](N)C(=O)NCC(=O)N[C@@H](CC(C)C)C(O)=O,2,"3.33,7.75"
CC(C)C(C(O)=O)C(O)=O,2,"2.85,5.69"
CC(C)C1=CC(=O)C(=CC=C1)O,2,"1.70,7.01"
NCCCCCc1ccccn1,2,"5.70,10.38"
NCCCCCc1cccnc1,2,"5.61,10.34"
NCC(=O)NCCC(=O)NCC(O)=O,2,"3.30,8.05"
NCC(=O)NCCCCCCCCNC(=O)CN,2,"7.75,8.41"
NCC(=O)NCCCCCCNC(=O)CN,2,"7.78,8.41"
NCC(=O)NCCCCCNC(=O)CN,2,"7.73,8.36"
NCCCCCc1ccncc1,2,"5.99,10.30"
NCCCCN,2,"9.81,10.95"
NCCCCCC(O)=O,2,"4.51,10.92"
NCCCCCCCCN,2,"10.27,11.08"
NCCCCSCCCCN,2,"10.05,10.73"
NCCCCSCCCN,2,"9.81,10.51"
NCCCCSCCN,2,"9.25,10.44"
NCCCCCCN,2,"10.16,11.04"
NCCCCCN,2,"9.93,10.96"
NCCC(=O)NCC(O)=O,2,"3.20,9.40"
NCCC(=O)NCCC(O)=O,2,"3.95,9.36"
NCCC(=O)NO,2,"8.34,9.61"
NCCC(O)=O,2,"3.74,10.34"
NCCCCc1ccncc1,2,"5.81,10.18"
NCCCN,2,"9.16,10.82"
NCCCC(O)=O,2,"4.13,10.52"
NCCCCC(O)=O,2,"4.25,10.68"
NCC(O)CN,2,"8.31,9.85"
NCC(=O)NCC(=O)NCC(=O)N1CCC[C@H]1C(O)=O,2,"2.91,8.04"
NCC(=O)NCC(=O)NCC(=O)NCC(=O)NCC(O)=O,2,"3.16,7.86"
NCC(=O)NCC(=O)NCC(=O)NCC(O)=O,2,"3.21,7.88"
NCC(=O)N1CCC[C@H]1C(=O)NCC(=O)N2CCC[C@H]2C(=O)N[C@@H](CCC(N)=O)C(O)=O,2,"3.22,8.29"
NCC(=O)N1CCC[C@H]1C(=O)NCC(=O)NCC(O)=O,2,"3.11,8.25"
NCC(=O)N1CCC[C@H]1C(=O)NCC(=O)N[C@@H](Cc2ccc(O)cc2)C(O)=O,2,"8.43,9.98"
NCCC(=O)NCC(=O)NCC(O)=O,2,"3.19,9.25"
NCCNCc1[nH]cc(c1)[S](O)(=O)=O,2,"6.56,9.74"
NCCCC[C@H](N)C(=O)NCC(O)=O,2,"7.64,10.61"
NCCCCc1ccccn1,2,"5.56,10.30"
NCCCCc1cccnc1,2,"5.52,10.16"
NCCCNC(=O)C(=O)NCCCN,2,"9.41,10.13"
C[C@H](N)C(=O)NCC(=O)NCC(=O)NCC(O)=O,2,"3.18,7.85"
C[C@H](N)C(=O)NCC(=O)NCC(O)=O,2,"3.27,7.89"
C[C@H](N)C(=O)NCC(O)=O,2,"3.13,8.11"
O[C@@H]([C@H](O)C(O)=O)C(O)=O,2,"2.85,3.93"
O[C@@H]([C@H](O)[C@H](O)C(O)=O)[C@@H](O)C(O)=O,2,"3.17,3.97"
Oc1[nH]nnn1,2,"5.40,10.26"
Oc1c(Br)cc(Br)c2cccnc12,2,"2.60,7.30"
CC(C)CC(C(O)=O)C(O)=O,2,"2.87,5.36"
Oc1ccc(c2cccnc12)[N+]([O-])=O,2,"2.51,6.36"
Oc1ccc(c2cccnc12)[S](O)(=O)=O,2,"3.99,8.33"
NCCNCCc1ccccc1,2,"6.59,9.44"
Oc1c(cc(c2cccnc12)[S](O)(=O)=O)N=O,2,"1.81,5.52"
Oc1c(cc(c2cccnc12)[S](O)(=O)=O)[N+]([O-])=O,2,"1.81,5.34"
O[P](O)(=O)c1ccccc1,2,"1.73,6.92"
O[S](=O)(=O)CCNC(=S)C(=S)NCC[S](O)(=O)=O,2,"2.55,11.11"
O[Si](O)(O)O,2,"9.53,12.83"
OP(O)O,2,"1.30,6.21"
O[As](O)(=O)c1ccccc1,2,"3.50,8.50"
O[C@@H](CS)[C@H](O)CS,2,"9.18,9.96"
O[V](O)(O)=O,2,"8.04,13.39"
O[P](O)(=O)O[P]([O-])(=O)Oc1ccccc1,2,"1.30,6.32"
O[P](O)(=O)Oc1ccc2ccccc2c1,2,"1.20,5.69"
O[P](O)(=O)Oc1cccc2ccccc12,2,"0.90,5.77"
O[P](O)(=O)Oc1ccccc1,2,"0.90,5.79"
O[P](O)(=O)c1ccc(cc1)[N+]([O-])=O,2,"1.20,6.58"
Oc1c(I)cc(I)c2cccnc12,2,"2.70,8.00"
Oc1c(cc(c(O)c1[N+]([O-])=O)[N+]([O-])=O)[N+]([O-])=O,2,"0.10,4.23"
NCCCSCCc1ccccn1,2,"5.19,10.03"
NCCCSCc1ccccn1,2,"4.46,9.97"
NCCC[SeH],2,"6.16,11.20"
C[C@H](N)C(=O)NCC(=O)NCC(=O)NCC(=O)NCC(O)=O,2,"3.38,7.86"
NCCNC(=O)CC(=O)NCCN,2,"8.69,9.18"
NCCCc1ccccn1,2,"4.98,10.10"
NCCCc1cccnc1,2,"5.19,10.05"
NCCCc1ccncc1,2,"5.51,9.98"
CC(C)NCCNC(C)C,2,"7.44,10.25"
CC(C)[C@H](N)C(=O)NCC(O)=O,2,"3.10,7.95"
O[P](O)(=O)c1cccc(c1)[N+]([O-])=O,2,"1.20,6.61"
O[P](O)(=O)CI,2,"1.30,6.44"
C[C@H](N)C(=O)N[C@@H](C)C(=O)N[C@@H](C)C(=O)N1CCC[C@H]1C(O)=O,2,"3.16,8.20"
C[C@@H](O)[C@H](N)C(=O)NO,2,"6.84,8.88"
NCCCSCCCN,2,"9.63,10.37"
NCCCSCCN,2,"9.16,10.14"
CC(C)C[C@H](NC(=O)[C@@H](CC(C)C)NC(=O)CN)C(O)=O,2,"3.46,8.15"
CC(C)C[C@H](NC(=O)[C@@H](N)CO)C(O)=O,2,"3.08,7.45"
CC(C)C[C@H](NC(=O)[C@@H](N)Cc1ccccc1)C(O)=O,2,"3.41,7.30"
CC(C)C[C@H](NC(=O)[C@@H]1CCCN1)C(O)=O,2,"3.09,9.04"
CC(C)C[C@H](NC(=O)[C@H](C)N)C(O)=O,2,"3.34,8.03"
CC(C)C[C@H](NC(=O)[C@H](CC(C)C)NC(=O)CN)C(O)=O,2,"3.52,8.10"
CC(C)[C@H](N)C(=O)N[C@H](C(C)C)C(O)=O,2,"3.04,8.22"
CC(C)[C@H](N)C(O)=O,2,"2.29,9.55"
C[C@H](N)C(=O)NO,2,"7.37,9.17"
C[C@H](N)C(=O)N[C@@H](C)C(=O)N1CCC[C@H]1C(=O)N[C@@H](C)C(O)=O,2,"3.34,8.20"
O[C@H](CO[P](O)(O)=O)[C@@H](O)[C@@H](O)C=O,2,"1.50,6.44"
O[C@H](CS)[C@H](O)CS,2,"9.02,9.94"
O[P](O)(=O)C(Br)Br,2,"0.80,5.40"
O[P](O)(=O)C1CCCCC1,2,"2.49,8.17"
O[P](O)(=O)CBr,2,"1.20,6.24"
O[P](O)(=O)CCBr,2,"1.60,6.90"
C[C@@H](NC(=O)[C@@H]1CCCN1)C(O)=O,2,"3.15,9.09"
C[C@@H](NC(=O)[C@H](C)NC(=O)CN)C(O)=O,2,"3.19,8.06"
CSCc1ccccn1,2,"4.53,4.72"
C[C@@H](O)[C@H](N)C(O)=O,2,"2.23,9.00"
C[C@@](CCC(O)=O)(NC(=O)c1ccccc1)C(O)=O,2,"3.51,4.63"
C[C@H](N)C(=O)N1CCC[C@H]1C(=O)N[C@@H](C)C(=O)N[C@@H](C)C(O)=O,2,"3.31,8.28"
C[C@H](N)C(=O)N1CCC[C@H]1C(O)=O,2,"2.90,8.40"
C[C@H](N)C(=O)NC(C)(C)C(O)=O,2,"3.49,8.22"
NCc1ccccn1,2,"2.19,8.75"
NCc1cccnc1,2,"3.88,8.88"
NCc1ccncc1,2,"4.05,8.30"
NN,2,"0.22,8.15"
NNC(=O)NN,2,"2.09,4.14"
C[C@@H](N)C(=O)N[C@@H](C)C(=O)N[C@@H](C)C(=O)N[C@@H](C)C(O)=O,2,"3.31,7.83"
C[C@@H](N)C(=O)N[C@@H](C)C(=O)N[C@@H](C)C(O)=O,2,"3.26,7.95"
C[C@@H](N)C(=O)N[C@H](C)C(=O)N[C@H](C)C(O)=O,2,"3.28,7.95"
NCCc1cccnc1,2,"4.64,9.44"
NCCc1ccncc1,2,"4.98,9.37"
NC[C@H](O)c1ccc(O)cc1,2,"8.85,9.91"
NCCc1[nH]ccn1,2,"6.04,9.27"
NCCc1c[nH]c(S)n1,2,"9.12,11.62"
NCCc1c[nH]c2ccc(O)cc12,2,"9.85,11.13"
C[As](C)(O)=O,2,"1.80,6.14"
NCc1cccc(CN)n1,2,"9.15,9.53"
NCCN,2,"7.31,10.18"
NCCN1CCCC1,2,"6.56,9.74"
NCCN1CCCCC1,2,"6.38,9.89"
NCCNCc1ccccc1,2,"6.48,9.41"
NCCN1CCNCC1,2,"8.44,9.55"
NCCNC(=O)C(=O)NCCN,2,"8.39,9.36"
NCCc1ccccn1,2,"4.04,9.67"
O[P](O)(=O)C(=O)[P](O)(O)=O,2,"5.44,8.29"
N[C@@H](CO)C(O)=O,2,"2.27,9.21"
N[C@@H](CCC(=O)OCc1ccccc1)C([O-])=O,2,"2.06,8.89"
N[C@@H](CCC(N)=O)C(O)=O,2,"2.31,9.07"
NCCSCc1ccccn1,2,"4.21,9.28"
NCC[S](O)(=O)=O,2,"0.33,8.98"
NCC[SeH],2,"4.90,10.88"
N[C@@H](CCO)C(O)=O,2,"2.34,9.37"
ON=Cc1ccccn1,2,"3.66,10.00"
OCCNc1ccccc1C(O)=O,2,"2.00,4.82"
OCCN(CC(O)=O)c1ccccc1C(O)=O,2,"2.41,7.73"
OCCN(CCC(O)=O)CCC(O)=O,2,"3.93,8.91"
OCCN(CCO)Cc1ccccn1,2,"1.20,6.92"
OCCN(CCO)c1cc(ccc1C(O)=O)C(O)=O,2,"3.10,7.00"
O[Cr](O)(=O)=O,2,"0.58,5.94"
O[Mo](O)(=O)=O,2,"3.76,3.81"
ON=NO,2,"6.96,11.20"
OCc1ncccc1O,2,"4.87,8.84"
ON1C=CC=CC1=O,2,"1.20,5.86"
OCc1ccncc1O,2,"5.00,8.95"
ONC(=O)CCCC(O)=O,2,"4.37,9.39"
ONC(=O)c1ccccc1O,2,"7.37,9.72"
ONC(=O)c1cccnc1,2,"3.19,7.99"
ON=Cc1cc(ccc1O)[S](O)(=O)=O,2,"8.11,11.42"
C[As](O)(O)=O,2,"4.08,8.71"
N[C@@H](CCCNC(N)=N)C(=O)N1CCC[C@H]1C(=O)NCC(=O)N2CCC[C@H]2C(=O)NCC(O)=O,2,"3.39,7.47"
NON=C(N)C=NO,2,"2.95,11.37"
N[C@@H](CC(N)=O)C(O)=O,2,"2.23,8.76"
CC(C)[C@H](N)C(=O)N[C@@H](C(C)C)C(O)=O,2,"3.40,7.96"
CC(C)[C@H](N)C(=O)N[C@@H](C)C(O)=O,2,"3.32,7.92"
ON=Cc1cccnc1,2,"4.01,10.28"
ON=Cc1ccncc1,2,"4.58,9.91"
CC(CO)(CO)N(CC(O)=O)CC(O)=O,2,"2.78,8.45"
CC(N)C(=O)NC(C)(C)C(=O)NC(C)(C)C(O)=O,2,"3.95,8.29"
CC(N)CCN,2,"8.90,10.72"
CC1=C(O)C(=O)C=CN1,2,"3.67,9.83"
CC([SeH])CN,2,"5.08,10.74"
CC1(C)CNCCNCCNCCNC1,2,"9.95,11.40"
CC(N)CN,2,"7.14,10.05"
CC(O)(CC(O)=O)C(O)=O,2,"3.24,4.83"
Nc1c(ccc2ccccc12)C(O)=O,2,"1.00,4.96"
Nc1cc(cc2ccccc12)C(O)=O,2,"2.91,4.49"
Nc1cc(ccc1O)[S](O)(=O)=O,2,"4.12,9.15"
Nc1cc(nc(c1)C(O)=O)C(O)=O,2,"2.29,9.05"
Nc1cc2ccccc2c(c1)C(O)=O,2,"2.52,4.52"
Nc1cc2ccccc2cc1C(O)=O,2,"2.41,4.87"
OCCNc1cc(C(O)=O)c(cc1C(O)=O)N(CCO)CCO,2,"3.65,8.29"
CC(O)C(O)=S,2,"3.63,10.09"
NCCSCCc1ccccn1,2,"5.12,9.35"
N[C@@H](Cc1c[nH]c2ccccc12)C(=O)NO,2,"7.04,9.09"
N[C@@H](Cc1ccccc1)C(=O)NO,2,"6.89,9.01"
N[C@@H](Cc1ccccc1)C(=O)N[C@@H](Cc2ccccc2)C(=O)N[C@@H](Cc3ccccc3)C(O)=O,2,"3.52,7.13"
NNC(=S)NN,2,"0.85,3.22"
N[C@@H](Cc1ccc(O)cc1)C(N)=O,2,"7.42,9.83"
N[C@@H](Cc1ccccc1)C(=O)N2CCC[C@H]2C(=O)NCC(=O)NCC(O)=O,2,"3.11,7.75"
N[C@@H](Cc1ccccc1)C(=O)NCC(O)=O,2,"3.07,7.48"
N[C@@H](CC[S](O)(=O)=O)C(O)=O,2,"2.11,8.93"
N[C@@H](CO)C(=O)NCC(O)=O,2,"3.15,7.34"
N[C@@H](CO)C(=O)NO,2,"6.79,8.97"
NCCc1c[nH]cn1,2,"6.14,9.80"
NCCc1ccc(O)cc1,2,"9.40,10.50"
NCCc1cccc(O)c1,2,"9.31,10.39"
NCCOCCSCCN,2,"8.68,9.61"
NCCS,2,"8.29,10.74"
COc1ccccc1[As](O)(O)=O,2,"4.08,9.40"
COc1ccccc1[P](O)(O)=O,2,"2.19,7.90"
N[C@@H](Cc1c[nH]cn1)C(N)=O,2,"5.70,7.63"
CSCC[C@H](N)C(=O)N[C@@H](CCSC)C(O)=O,2,"3.22,7.41"
CSCC[C@H](N)C(=O)N[C@H](CCSC)C(O)=O,2,"2.98,7.59"
CSCC[C@H](NC(=O)CN)C(O)=O,2,"3.02,8.35"
Nc1cccc(N)c1,2,"2.45,5.00"
Nc1cccc(O)c1,2,"4.28,9.92"
Nc1ccc(N)cc1,2,"2.92,6.18"
Nc1ccc(SCC(O)=O)cc1,2,"2.99,4.48"
Nc1ccc(cc1)C(O)=O,2,"2.46,4.78"
Nc1c(O)cccc1C(O)=O,2,"5.19,10.12"
CSCC[C@H](NC(=O)[C@@H](N)Cc1ccccc1)C(O)=O,2,"3.24,7.27"
CSCCCNCCNCCCSC,2,"6.89,9.74"
CSCCN(CC(O)=O)CC(O)=O,2,"2.05,8.90"
CSCC[C@H](N)C(=O)NCC(O)=O,2,"3.16,7.59"
CC(CC(C)(C)NCCNC(C)(C)CC(C)=NO)=NO,2,"6.12,9.38"
CC(CC(O)=O)C(O)=O,2,"3.95,5.42"
CC(CC(O)=O)CC(O)=O,2,"4.25,6.23"
N[C@H](CO)Cc1ccc(O)cc1,2,"8.94,9.98"
COc1ccccc1N(CC(O)=O)CC(O)=O,2,"2.69,5.58"
Nc1ccc(C(N)=O)c(O)c1,2,"3.00,9.11"
Nc1ccc(C(O)=O)c2ccccc12,2,"2.00,4.84"
OC1C(O)C(O)(CO[P](O)(O)=O)OC1CO[P](O)(O)=O,2,"6.14,6.97"
OC1C(O)C(OC1CO[P](O)(=O)O[P](O)(=O)O[P](O)(O)=O)N2C=CC(=O)NC2=O,2,"1.90,6.94"
OC1C(O)C(OC1CO[P](O)(=O)O[P](O)(=O)O[P](O)(O)=O)n2cnc3C(=O)N=CNc23,2,"2.17,6.79"
OC1C(O)C(OC1CO[P](O)(=O)O[P](O)(O)=O)N2C=CC(=O)NC2=O,2,"1.30,6.74"
OCC(C(O)c1ccccc1)N(CC(O)=O)CC(O)=O,2,"2.52,8.64"
CC1(F)C(=O)NCCNCCCNCCNC1=O,2,"5.53,9.56"
CC1(F)CNCCNCCCNCCNC1,2,"9.69,11.34"
CC(C)c1cccc(C(C)C)c1NC(=O)CN(CC(O)=O)CC(O)=O,2,"2.20,5.83"
OC(=O)c1nccnc1C(O)=O,2,"1.50,3.04"
OC(C(O)=O)C(O)=O,2,"2.02,4.24"
OC(C(O)C(O)=O)C(O)=O,2,"3.00,4.50"
OC[C@H]1O[C@H](O[P](O)(O)=O)[C@H](O)[C@@H](O)[C@@H]1O,2,"1.50,6.01"
OC[C@H]1O[C@H]([C@H](O)[C@@H]1O)n2cnc3C(=O)NC(=O)Nc23,2,"1.19,5.57"
OC[C@H]1O[C@H]([C@H](O)[C@@H]1O)n2cnc3c(O)ncnc23,2,"1.10,8.70"
OC[P](O)(O)=O,2,"1.70,7.11"
OCCNCCc1ccccn1,2,"3.15,7.94"
CCC(CC(O)=O)CC(O)=O,2,"4.29,6.33"
CCC(CC)(C(O)=O)C(CC)(CC)C(O)=O,2,"3.39,8.06"
CCC(CC)(C(O)=O)C(O)=O,2,"2.02,6.95"
CCC(CC)(CC(O)=O)CC(O)=O,2,"3.62,7.13"
CCC(CCC(C)C)(C(O)=O)C(O)=O,2,"2.04,7.20"
OC(CC(O)=O)C(O)=O,2,"3.25,4.67"
OC(CN(CC(O)=O)CC(O)=O)c1ccccc1,2,"3.17,8.43"
OC(Cc1c[nH]cn1)C(O)=O,2,"3.00,7.31"
CCC(C)(CC(O)=O)CC(O)=O,2,"3.62,6.70"
CC1C(=O)NCCNCCNCCNCCNC1=O,2,"7.95,9.08"
CC1CC(C)(C)NCCNCCNCCN1,2,"9.46,11.30"
CC1CC(C)NCCNCCNCCN1,2,"9.76,11.40"
CC1CNCC(C)N1,2,"5.40,9.57"
CCC(CO)(CO)N(CC(O)=O)CC(O)=O,2,"3.01,8.51"
CCC(N)C(O)=O,2,"2.47,9.95"
CCC(N)CN,2,"6.53,9.53"
Nc1cccc(c1)C(O)=O,2,"3.11,4.65"
Nc1cccc(c1)[P](O)(O)=O,2,"4.50,7.53"
Nc1cccc2c1cccc2C(O)=O,2,"2.79,4.44"
OCC(CO)N(CC(O)=O)CC(O)=O,2,"2.65,8.58"
OCC(CO)O[P](O)(O)=O,2,"1.33,6.16"
CCC(C(O)=O)(C(O)=O)c1ccccc1,2,"1.80,7.01"
CCC(C(O)=O)C(O)=O,2,"2.88,5.65"
CCC(C)(C(O)=O)C(O)=O,2,"2.86,6.41"
N[C@@H]1CCC[C@H]1C(O)=O,2,"3.75,9.91"
O=C1CC(=O)NCCN(CCCN(CCN1)CCC#N)CCC#N,2,"3.05,5.94"
O=C1CC(=O)NCCNCCCCCNCCN1,2,"8.53,10.30"
O=C1CC(=O)NCCNCCSCCNCCN1,2,"7.23,8.16"
Nc1ncnc2nn[nH]c12,2,"2.75,6.04"
COC(=O)[C@H](Cc1c[nH]cn1)NC(=O)CNC(=O)CNC(=O)[C@H](C)N,2,"6.62,8.05"
O=C1CSCC(=O)NCCCNCCNCCCN1,2,"6.53,9.54"
O=C1CSCC(=O)NCCNCCNCCN1,2,"5.49,9.00"
COc1ccc(c(OC)c1)[As](O)(O)=O,2,"4.35,9.55"
N[C@H]1CC=CC[C@H]1C(O)=O,2,"3.29,10.20"
N[C@H]1CCCC[C@H]1C(O)=O,2,"3.49,10.54"
N[C@H]1CCC[C@H]1C(O)=O,2,"3.54,10.10"
N[C@@H](Cc1ccccc1)C(=O)N[C@@H](Cc2ccccc2)C(O)=O,2,"3.26,7.27"
N[C@@H](Cc1ccccc1)C(O)=O,2,"2.31,9.21"
N[C@@H]1CC=CC[C@H]1C(O)=O,2,"3.33,10.29"
N[C@@H]1CCCC[C@H]1C(O)=O,2,"3.47,10.01"
Nc1ccccc1O,2,"4.78,9.84"
N[C@H](CO)Cc1c[nH]cn1,2,"5.85,8.84"
COc1cccc(O)c1O,2,"9.20,11.99"
COc1ccc(cc1)[As](O)(O)=O,2,"3.79,8.93"
COc1ccc(cc1)[P](O)(O)=O,2,"2.05,7.66"
COc1cccc(C(O)=O)c1O,2,"2.69,13.95"
COc1ccc(NCC(O)=O)cc1,2,"2.00,9.07"
COc1ccc(O)c(c1)C(O)=O,2,"2.92,13.85"
OCCNc1cc(C(O)=O)c(NCCO)cc1C(O)=O,2,"3.66,6.74"
Nc1cccc2cccc(C(O)=O)c12,2,"1.70,4.55"
COc1ccc(CCN)cc1O,2,"9.23,10.38"
Nc1n[nH]cn1,2,"4.21,10.41"
Nc1nc(N)c2[nH]cnc2n1,2,"4.96,10.32"
Nc1ccccc1C(=O)NO,2,"2.68,8.82"
Nc1ccccc1C(O)=O,2,"2.10,4.84"
Nc1ccccc1N,2,"0.60,4.69"
OC(=O)C(=Cc1ccccc1)C(O)=O,2,"2.11,4.77"
OC(=O)C(=O)C(O)=O,2,"1.82,3.52"
CNCCSCCNC,2,"8.94,9.91"
CNCCSCCOCCSCCNC,2,"9.06,9.84"
CNCCc1c[nH]cn1,2,"5.87,9.90"
CNCCc1ccccn1,2,"4.02,9.96"
CNCc1cccc(C)n1,2,"2.92,8.94"
OC(=O)C(CC=C)C(O)=O,2,"2.63,5.24"
COc1cc(CC(O)=O)ccc1O,2,"4.31,9.76"
COc1cc(CCC(O)=O)ccc1O,2,"4.48,9.87"
OC(=O)C(Cc1ccccc1)C(O)=O,2,"2.75,5.44"
OC(=O)C(O)=O,2,"1.35,3.94"
OC(=O)C/C=C/C(O)=O,2,"3.77,5.08"
OC(=O)/C=C/c1ccccn1,2,"2.83,4.56"
OC(=O)C#CC(O)=O,2,"0.70,2.34"
OC(=O)C(=C)O[P](O)(O)=O,2,"3.45,6.24"
COC(=O)[C@@H](N)CS,2,"6.53,8.93"
COC(=O)[C@@H](N)Cc1c[nH]cn1,2,"5.16,7.09"
COC(=O)[C@H](Cc1c[nH]cn1)NC(=O)CNC(=O)CN,2,"6.12,7.47"
Nc1ccc(cc1)[P](O)(O)=O,2,"3.99,7.84"
Nc1ccc(cc1C(O)=O)[S](O)(=O)=O,2,"1.60,4.29"
Nc1ccc(cc1N)C(O)=O,2,"3.69,4.75"
Nc1ccc2c(cccc2C(O)=O)c1,2,"2.88,4.55"
CO[P]([O-])(=O)O[P](O)(O)=O,2,"1.60,6.37"
O=C1N=CN=C2NNC=C12,2,"1.40,9.11"
O=C1NC=CC=C1,2,"1.25,9.50"
O=C1NC=Nc2nc[nH]c12,2,"2.02,8.67"
COc1cc(CCN)ccc1O,2,"9.34,10.47"
COCCCN(CC(O)=O)CC(O)=O,2,"2.61,10.02"
COCCN(CC(O)=O)CC(O)=O,2,"2.29,9.05"
COCc1cc(C)c(CN)c(N)n1,2,"5.41,8.96"
COCc1cc(C)nc(N)c1CN,2,"5.78,8.96"
OC(=O)C1=CC(=O)C(=CO1)O,2,"1.40,7.47"
OC(=O)CC(O)=O,2,"2.70,5.27"
OC(=O)CC1(CCCC1)CC(O)=O,2,"3.78,6.59"
OC(=O)CC1(CCCCC1)CC(O)=O,2,"3.00,7.48"
OC(=O)CCC(O)=O,2,"4.11,5.31"
OC(=O)CCCC(O)=O,2,"4.22,5.01"
OC(=O)CCCCC(O)=O,2,"4.37,5.06"
OC(=O)CC(=C)C(O)=O,2,"3.71,5.24"
OC(=O)C1=CNC(=O)NC1=O,2,"4.05,8.78"
OC(=O)C1(CC1)C(O)=O,2,"1.56,7.04"
OC(=O)C1(CCC1)C(O)=O,2,"2.90,5.36"
OC(=O)C1(CCCC1)C(O)=O,2,"3.01,5.64"
OC(=O)C1(CCCCC1)C(O)=O,2,"3.30,5.70"
OC(=O)C1=C(Br)C(=O)NC(=O)N1,2,"2.27,7.22"
OC(=O)CC(=O)C(O)=O,2,"2.30,3.95"
OC(=O)C1=C(I)C(=O)NC(=O)N1,2,"1.80,7.52"
CNCCSCCCN,2,"9.44,10.26"
CNCCSCCN,2,"8.89,9.86"
O=C1CC(=O)NCCCNCCCNCCCN1,2,"7.93,9.58"
O=C1CC(=O)NCCCNCCNCCCN1,2,"6.40,9.28"
Nc1ncnc2n(cnc12)[C@@H]3O[C@H](CO[P](O)(=O)O[P](O)(=O)O[P](O)(=O)O[P](O)(O)=O)[C@@H](O)[C@H]3O,2,"4.07,7.06"
COC(=O)C(N)CCCCN,2,"7.04,10.07"
OC(=O)C1=CC(=O)NC(=O)N1,2,"1.87,9.34"
OC(=O)C(CCC=C)C(O)=O,2,"2.74,5.35"
OC(=O)C(CCCC=C)C(O)=O,2,"2.77,5.37"
COC(=O)C(N)CCCN,2,"6.73,8.32"
COC(=O)C(N)Cc1ccc(O)cc1,2,"7.09,9.89"
CNCc1ccccn1,2,"1.91,8.96"
CNc1cc(nc(c1)C(O)=O)C(O)=O,2,"1.30,9.68"
CNc1ccccc1C(O)=O,2,"2.00,5.29"
COC(=O)C(Cc1ccccc1)NC(=O)C(N)CC(O)=O,2,"2.98,7.38"
OC(=O)CN(CC(O)=O)CC(=O)Nc1ccccc1,2,"2.07,6.10"
OC(=O)CN(CC(O)=O)CC(=O)c1sccc1,2,"2.00,7.46"
OC(=O)CN(CC(O)=O)Cc1occc1,2,"2.17,8.40"
OC(=O)CN(CC(O)=O)c1ccc(cc1)[S](O)(=O)=O,2,"2.31,4.54"
CNCCCNC,2,"9.08,10.87"
OC1=C(O)C(=O)C(=O)C(=O)C1=O,2,"3.45,3.58"
OC(C(O)C(O)C(O)=O)C(O)C(O)=O,2,"3.12,3.75"
CCCC(C(O)=O)C(O)=O,2,"2.92,5.65"
OC(=O)CCc1c[nH]cn1,2,"3.83,7.44"
OC(=O)CCCCCC(O)=O,2,"4.40,5.10"
OC(=O)CCc1ccc(O)cc1,2,"4.39,10.03"
OC(=O)CCc1cccc(O)c1,2,"4.40,9.91"
OC(=O)CCc1ccccn1,2,"3.67,5.97"
OC(=O)CCc1cccnc1,2,"3.82,5.86"
OC(=O)CCc1ccncc1,2,"3.72,6.06"
OC(=O)CCSCC(O)=O,2,"3.42,4.43"
OC(=O)CCCSSCCCC(O)=O,2,"4.79,5.46"
OC(=O)CCNc1ccccc1,2,"3.40,9.00"
OC(=O)CCS,2,"4.30,10.51"
OC(=O)CCSCCC(O)=O,2,"4.03,4.74"
OC(=O)CCSCSCCC(O)=O,2,"3.90,4.70"
OC(=O)CCSSCCC(O)=O,2,"4.11,4.73"
OC(=O)CC[Se]CCC(O)=O,2,"4.07,4.93"
OC(=O)CC[Te]CCC(O)=O,2,"3.92,4.77"
OC(=O)C(C(O)=O)c1ccccc1,2,"2.35,5.21"
OC(=O)/C=C/C(O)=O,2,"2.92,4.08"
O=C1NCCCNCCNCCCNC(=O)C1CCc2ccccc2,2,"6.21,9.27"
O=C1NCCNCCNCCNCCNC(=O)C1CCc2ccccn2,2,"8.63,10.16"
O=C1NCCNCCNCCNCCNC(=O)C1Cc2cccc3ccccc23,2,"7.70,8.99"
OC(=O)CCCCCCC(O)=O,2,"4.42,5.11"
OC(=O)CCCCCCCC(O)=O,2,"4.44,5.13"
OC(=O)CCCSCCCC(O)=O,2,"4.33,5.01"
OC(=O)CN(CC(O)=O)c1cccc(c1)[S](O)(=O)=O,2,"2.36,4.79"
OC(=O)CN(CC(O)=O)c1ccccc1,2,"2.40,5.01"
OC(=O)CNC(=O)CNC(=O)CNC(=O)[C@@H]1CCCN1,2,"3.27,8.67"
OC(=O)CNC(=O)[C@@H]1CCCN1,2,"3.02,8.97"
OC(=O)CNC(=O)[C@@H]1CCCN1C(=O)[C@@H]2CCCN2,2,"3.17,9.15"
OC(=O)CNC(S)=S,2,"3.75,6.67"
OC(=O)CN(CC(O)=O)c1ccccc1[S](O)(=O)=O,2,"3.40,6.29"
OC(=O)CN(CC1CCCCO1)CC(O)=O,2,"1.90,9.04"
CCCCCC(C(O)=O)C(O)=O,2,"2.80,5.54"
CC1CNCCN1,2,"5.51,9.49"
OCC(S)CS,2,"8.58,10.65"
OCC1=CC(=O)C(=C(CN2CCCCC2)O1)O,2,"6.42,9.24"
OCC1=CC(=O)C(=C(CN2CCOCC2)O1)O,2,"5.14,7.88"
OC(=O)CN(CC(O)=O)c1ccc(c2ccccc12)[S](O)(=O)=O,2,"2.76,3.92"
OC(=O)CN(CCN[S](=O)(=O)c1ccc(CCBr)cc1)CC(O)=O,2,"2.15,7.75"
OC(=O)CN(CCN[S](=O)(=O)c1ccccc1)CC(O)=O,2,"2.10,7.82"
CCCCCC[As](O)(O)=O,2,"4.34,9.41"
CCCCC(C(O)=O)C(O)=O,2,"2.87,5.55"
CCCCC(CC)(C(O)=O)C(O)=O,2,"2.04,7.36"
CCCCC(CCCC)(C(O)=O)C(O)=O,2,"2.04,7.42"
OC(=O)c1cccc(O)c1,2,"4.01,9.76"
CCCCC[As](O)(=O)CCCCC,2,"1.70,6.54"
CCCCC[As](O)(O)=O,2,"4.34,9.39"
CCCCNCCNCCCC,2,"7.31,10.04"
CCCC(CC(O)=O)CC(O)=O,2,"4.31,6.39"
CCCC(CC)(C(O)=O)C(O)=O,2,"2.04,7.71"
CCCC(CCC)(C(O)=O)C(O)=O,2,"1.96,7.37"
CCCC(CCC)(CC(O)=O)CC(O)=O,2,"3.69,7.31"
OC1=C(O)C(=O)C(=O)C1=O,2,"0.57,1.85"
OC1=C(O)C(=O)C1=O,2,"0.65,3.06"
OC1=C(Oc2ccccc2)C(=O)C(=C(Oc3ccccc3)C1=O)O,2,"2.00,3.00"
CCCCCCN1C=CC(=O)C(=C1C)O,2,"3.59,9.92"
OC1=CC=CC=CC1=O,2,"0.27,6.69"
OC(O)=O,2,"6.12,9.75"
OC1=C(C(=O)C(=C(C1=O)[S](O)(=O)=O)O)[S](O)(=O)=O,2,"0.80,3.81"
OC1=C(O)C(=O)C(=C(O)C1=O)O,2,"4.55,6.65"
OC(=O)COCC(O)=O,2,"2.85,3.97"
CN1CCSCCN(C)CCSCC1,2,"6.03,9.39"
OC(=O)CS,2,"3.58,10.17"
OC(=O)CSCC(O)=O,2,"3.26,4.19"
CCCC[As](O)(=O)CCCC,2,"1.50,6.53"
CCCC[As](O)(O)=O,2,"4.37,9.31"
OC(=O)c1cc(I)ccc1O,2,"2.58,12.59"
OC(=O)c1cc(Nc2ccccc2)cc(n1)C(O)=O,2,"1.40,8.65"
OC(=O)c1cc(O)c2ccccc2n1,2,"2.65,11.00"
OC(=O)c1cc(cc(Br)c1O)[S](O)(=O)=O,2,"2.02,10.50"
CCC[As](O)(=O)CCC,2,"1.60,6.52"
OC1=CC(=O)C(=CC1=O)O,2,"2.81,5.22"
OC(=O)c1cccc2cccnc12,2,"1.88,6.72"
OC(=O)c1ccccc1C(O)=O,2,"2.85,5.05"
CCC[As](O)(O)=O,2,"4.34,9.36"
CCC[C@H](N)C(=O)NO,2,"7.34,9.13"
CCC[C@H](N)C(O)=O,2,"2.32,9.78"
CCCC[C@H](N)C(O)=O,2,"2.33,9.81"
CCCNCCNCCC,2,"7.38,10.12"
CCCCO[P]([O-])(=O)O[P](O)(O)=O,2,"1.30,6.65"
OC(=O)CNc1ccc(cc1)[S](O)(=O)=O,2,"1.80,8.66"
OC(=O)CNc1ccccc1,2,"1.95,6.65"
OC(=O)c1cccc(n1)C(O)=O,2,"2.11,4.68"
OC(=O)c1cccc(Br)c1C(O)=O,2,"2.37,4.35"
CCCC[C@H](N)C(=O)NO,2,"7.33,9.14"
OC(=O)c1ccccn1,2,"1.19,5.45"
OC(=O)c1cccnc1C(O)=O,2,"2.37,4.80"
OC(=O)c1cnccn1,2,"0.50,2.75"
CN(C)c1ccc(cc1)N=Nc2ccccn2,2,"2.00,4.50"
CN(C)c1ccncc1,2,"1.00,9.55"
CN(C)CCc1c[nH]cn1,2,"5.82,9.33"
CN1CCC(S)CC1,2,"8.33,10.35"
CN(CC(=O)NCC(=O)NCC(O)=O)C(=O)CN,2,"3.35,8.28"
CN(CC(=O)NCC(O)=O)C(=O)CNC(=O)CN,2,"3.34,7.97"
CN1CCN(C)CC1,2,"4.40,8.34"
CN(C)c1cc(nc(c1)C(O)=O)C(O)=O,2,"1.50,9.77"
CCc1ccc(NC(=O)CN(CC(O)=O)CC(O)=O)c(CC)c1,2,"2.14,5.77"
CC[P](O)(O)=O,2,"2.26,7.72"
OC(=O)C[Te]CC(O)=O,2,"3.26,4.77"
OC(=O)Cc1ccc(O)cc1,2,"4.25,9.88"
CN(CC(O)=O)C(=O)CNC(=O)CN,2,"2.90,7.98"
CN(CC(O)=O)C(=O)CNC(=O)CNC(=O)CN,2,"3.04,7.92"
CN(C)c1ccc(cc1)C(O)=O,2,"2.57,5.00"
CN1CCNCC1,2,"5.02,9.15"
CN1CCNCCN(C)CCNCC1,2,"9.41,10.76"
CNCCNC,2,"7.31,10.27"
CNCCSCCCCN,2,"9.55,10.51"
CNC(=O)[C@H](Cc1ccc(O)cc1)NC(=O)CNC(=O)CN,2,"7.94,9.85"
CNC(=S)C(=S)NC,2,"11.67,14.20"
CNC(=S)C(N)=S,2,"11.11,13.80"
CNCC(=C)CNC,2,"8.39,10.42"
OC(=O)CSCCCCCSCC(O)=O,2,"3.40,4.10"
OC(=O)CSCCCCSCC(O)=O,2,"3.38,4.10"
OC(=O)CSCCCSCC(O)=O,2,"3.37,4.07"
CNCC(=O)NCC(=O)NCC(=O)NCC(O)=O,2,"3.34,8.39"
CNCC(=O)NCC(O)=O,2,"3.00,8.44"
CNC(=O)[C@H](CCSC)NC(=O)[C@H](Cc1ccccc1)NC(=O)CNC(=O)CNC(=O)[C@@H](N)Cc2ccc(O)cc2,2,"7.01,9.78"
CNC(=O)[C@H](Cc1c[nH]cn1)NC(=O)CNC(=O)CN,2,"6.33,7.87"
CN1CCN2CCNCCN(CC1)CCN(C)CC2,2,"9.05,12.50"
OC(=O)C[Se]CC(O)=O,2,"3.44,4.50"
OC(=O)CSCCSCC(O)=O,2,"3.28,3.99"
OC(=O)CSCSCC(O)=O,2,"3.21,3.99"
OC(=O)CSSCC(O)=O,2,"2.97,3.80"
CC[C@@H](CO)NCCN[C@@H](CC)CO,2,"6.05,9.05"
CC[C@H](C)[C@@H](N)C(O)=O,2,"2.20,9.62"
OC(=O)c1ccc(O)cc1,2,"4.53,9.22"
OC(=O)c1cc(cc(c1O)[N+]([O-])=O)[N+]([O-])=O,2,"0.40,7.16"
CC[C@H](C)[C@H](N)C(=O)NCC(O)=O,2,"3.04,7.96"
CC[C@H](C)[C@H](N)C(=O)NO,2,"7.25,9.15"
CC[C@H](C)[C@H](N)C(O)=O,2,"2.40,9.71"
CC[C@H](C)[C@H](NC(=O)[C@@H](N)CC(C)C)C(O)=O,2,"3.42,7.78"
CC[C@H](C)[C@H](NC(=O)[C@H](N)CC(C)C)C(O)=O,2,"3.06,8.09"
CCSC[P](O)(O)=O,2,"1.80,7.06"
CC[As](O)(=O)CC,2,"1.50,6.43"
OC(=O)C[S](=O)(=O)CC(O)=O,2,"1.80,2.70"
OC(=O)\C=C/C(O)=O,2,"1.74,5.76"
OC(=O)Cc1cccnc1,2,"3.06,5.54"
OC(=O)Cc1ccncc1,2,"3.00,5.79"
CC[As](O)(O)=O,2,"4.24,9.19"
CCOC(=O)c1cc(NCCO)c(cc1NCCO)C(O)=O,2,"2.10,5.84"
OC(=O)c1c(O)cccc1[N+]([O-])=O,2,"2.11,9.04"
OC(=O)c1cc(Br)ccc1O,2,"2.55,12.67"
OC(=O)[C@H](Cc1c[nH]cn1)NC(=O)[C@@H]2CCC(=O)N2,2,"2.70,7.18"
CN1CCN(C)CCN(C)CC(C)(C)CN(C)CC1,2,"7.95,11.40"
CN1CCN(C)CCN(C)CCN(C)CC1,2,"8.95,10.07"
CN1CCN2CCCSCCCN(CC1)CCN(C)CC2,2,"8.78,11.91"
CN1CCN2CCN(C)CCN(CC1)CCN(C)CC2,2,"10.00,11.80"
CN1C=CC(=O)C(=C1C)O,2,"3.69,9.87"
OC(=O)[C@H](Cc1ccc(O)cc1)NC(=O)[C@@H]2CCC(=O)N2,2,"3.60,10.25"
OC(=O)[C@H](Cc1ccc(O)cc1)NC=O,2,"3.11,9.63"
OC(=O)c1ccccc1O,2,"2.92,13.30"
OC(=O)c1cccc(c1)C(O)=O,2,"3.40,4.35"
OC(=O)c1cccc(c1C(O)=O)[N+]([O-])=O,2,"2.11,4.21"
OC(=O)c1cccc(c1O)[N+]([O-])=O,2,"1.79,10.02"
C1CNCCSCCOCCSCCN1,2,"5.21,8.90"
C1CNCCSCCSCCN1,2,"5.12,9.12"
CC(=O)CC(C)(C)NCCNC(C)(C)CC(C)=O,2,"6.19,9.41"
[nH]1cnc2ncncc12,2,"2.41,8.66"
CCN1C=CC(=O)C(=C1C)O,2,"3.64,9.81"
CCN1C=CC(=O)C(=C1CC)O,2,"3.81,9.93"
CCNCCNCC,2,"7.51,10.39"
OC(=O)Cc1cccc(O)c1,2,"4.17,9.87"
OC(=O)Cc1ccccn1,2,"2.70,5.78"
CCOC(=O)NCCN(CC(O)=O)CC(O)=O,2,"2.20,8.57"
CCOC(=O)[C@@H](N)CCC([O-])=O,2,"3.85,7.84"
CCOC(=O)[C@@H](N)CS,2,"6.47,8.94"
OC(=O)c1ccc(cc1O)[N+]([O-])=O,2,"2.14,10.91"
OC(=O)c1ccc(nc1)C(O)=O,2,"2.30,4.74"
OC(=O)c1ccc2ccccc2n1,2,"2.04,4.88"
OC(=O)c1ccc(Br)cc1C(O)=O,2,"2.50,4.60"
CCOC(=O)[C@@H](N)Cc1ccc(O)cc1,2,"7.29,9.70"
CCOC(=O)CC[C@H](N)C([O-])=O,2,"2.15,9.19"
CCOC(=O)CNC(=O)CNC(=O)[C@H](Cc1c[nH]cn1)NC(=O)CNC(=O)CN,2,"6.01,7.36"
CCNc1ccccc1C(O)=O,2,"1.80,5.70"
OC(=O)c1cc(cc(c1O)[S](O)(=O)=O)[S](O)(=O)=O,2,"2.03,11.52"
OC(=O)c1cc(ccc1O)C#N,2,"2.36,11.30"
OC(=O)c1cc(ccc1O)N=Nc2ccc(cc2)[S](O)(=O)=O,2,"2.38,11.04"
OC(=O)c1cc(ccc1O)[N+]([O-])=O,2,"1.99,9.95"
OC(=O)c1cc(ccc1O)[S](O)(=O)=O,2,"2.51,11.78"
OC(=O)c1cc(F)ccc1O,2,"2.56,13.70"
OC(=O)c1ccc(cc1)C(O)=O,2,"3.48,4.32"
OC(=O)c1ccc(cc1C(O)=O)[N+]([O-])=O,2,"2.02,4.28"
C[C@H](O)[C@H](N)C(O)=O,2,"2.10,8.98"
C[C@H]1CN[C@@H](C)CN1,2,"5.32,9.76"
C[C@H]1CN[C@H](C)CN1,2,"5.37,9.58"
C[C@](N)(CCC(O)=O)C(O)=O,2,"4.05,9.72"
Cc1c(C)c(O)c(C)c(C)c1O,2,"11.25,12.70"
Cc1cc(C)c(CN)c(N)n1,2,"6.60,9.14"
FC1(F)C(=O)NCCNCCCNCCNC1=O,2,"5.18,9.22"
FC1(F)CNCCNC(=O)C(F)(F)C(=O)NCCNC1,2,"1.90,6.10"
C[C@H](NC(=O)[C@@H]1CCCN1)C(O)=O,2,"3.17,9.03"
C[C@H](NC(=O)[C@H](C)NC(=O)CN)C(O)=O,2,"3.27,7.99"
C[C@H](NC(=O)[C@H](C)NC(=O)[C@H](C)NC(=O)[C@@H]1CCCN1)C(O)=O,2,"3.10,8.37"
C[C@H](NC(=O)CN)C(=O)NCC(O)=O,2,"3.34,7.96"
Cn1cncc1CC(NC(=O)CCN)C(O)=O,2,"7.03,9.33"
C[P](O)(O)=O,2,"2.16,7.75"
C[S](=O)(=O)NCc1ccccn1,2,"4.30,11.22"
C[C@H](N[S](=O)(=O)c1ccc(C)cc1)C(O)=O,2,"3.39,12.05"
CC(C)(C)NCC(O)COc1ccccc1c2ccc(NN)nn2,2,"5.15,9.24"
CC(C)(C)NCCN,2,"6.26,9.78"
Cc1ccc(O)c(O)c1,2,"9.48,13.90"
Cc1cc(ccc1O)C2(O[S](=O)(=O)c3ccccc23)c4ccc(O)c(C)c4,2,"1.00,7.95"
Cc1ccc(C(O)=O)c(O)c1,2,"3.05,14.10"
Cc1ccc(C(O)=O)c(c1)C(O)=O,2,"3.05,5.47"
Cc1cc(O)ccc1O,2,"10.05,11.62"
NC(=O)CCN(CC(O)=O)CC(O)=O,2,"2.44,8.49"
CC(C)(C(O)=O)C(=O)C(O)=O,2,"1.80,4.62"
CC(C)(C(O)=O)C(C)(C)C(O)=O,2,"3.53,7.35"
CC(=O)Oc1c(cccc1C(O)=O)C(O)=O,2,"2.85,3.80"
CC(=O)N[C@@H](C(O)=O)C(C)(C)S,2,"3.33,9.97"
Oc1cccc(ON=O)c1,2,"4.14,9.03"
Oc1ccc(cc1O)[N+]([O-])=O,2,"6.76,10.91"
Oc1ccc(cc1O)[S](O)(=O)=O,2,"8.38,12.48"
CC(C)(C(O)=O)C(O)=O,2,"3.00,5.68"
Cc1ncc(CO)c(C=O)c1O,2,"4.06,8.40"
Cc1ncc(CO)c(CO)c1O,2,"4.83,8.86"
Cc1cccc(n1)C(O)=O,2,"1.20,5.91"
Cc1ccccc1[P](O)(O)=O,2,"2.08,7.92"
Cc1cccc(c1)[P](O)(O)=O,2,"2.00,7.64"
Cc1cccc(C=NO)n1,2,"4.26,9.94"
C1CNCCNC1,2,"6.60,10.26"
C1CNCCNCCC(NCCNC1)c2ccccc2,2,"10.06,10.70"
C1CNCCNCCCSCCSC1,2,"5.87,9.76"
c1cnc2c(c1)ccc3ncccc23,2,"1.80,4.97"
C[C@H](NC(=O)[C@H](C)NC(=O)[C@H](C)NC(=O)[C@@H](N)CCC(O)=O)C(O)=O,3,"3.13,4.08,7.77"
Sc1ncnc2nc[nH]c12,3,"2.20,6.90,9.10"
CC(C(O)=O)[P](O)(O)=O,3,"1.80,5.15,8.54"
C[C@H](NC(=O)[C@@H](N)CC(O)=O)C(O)=O,3,"2.73,3.61,7.99"
C[C@H](NC(=O)[C@@H](N)CCC(O)=O)C(O)=O,3,"1.20,4.16,7.98"
C[C@H](NC(=O)[C@@H](N)CCCCN)C(O)=O,3,"3.11,7.51,10.59"
C1CCNCCNCCNCCNCCNC1,3,"7.85,9.61,10.38"
C1CCNCCNCCNCCNCCNCC1,3,"8.43,9.40,10.03"
[Na+].[Na+].[Na+].Cc1cc(cc(C([O-])=O)c1O)C(=C/2C=C(C)C(=O)C(=C2)C([O-])=O)\c3ccccc3[S]([O-])(=O)=O,3,"2.25,5.46,11.82"
CN1CCCN2CCN(C)CCN(CCC1)CCN(C)CC2,3,"3.43,9.53,11.83"
CN(O)C(=O)CCOCC(C)(COCCC(=O)N(C)O)COCCC(=O)N(C)O,3,"8.26,8.99,9.75"
OC(=O)C[P](O)(O)=O,3,"1.50,4.79,7.89"
CN(CCN1CCNCC1)CCN2CCNCC2,3,"7.38,8.65,9.12"
OC(=O)C\C(=C/C(O)=O)C(O)=O,3,"2.62,3.97,5.71"
OC(=O)Cc1ccc(O)c(O)c1,3,"4.14,9.41,13.70"
OC(=O)CNC(=O)CNC(=O)CNC(=O)CN(CC(O)=O)CC(O)=O,3,"2.22,3.45,6.34"
OC(=O)CN(CC(O)=O)c1ccc(cc1)C(O)=O,3,"2.31,4.28,5.20"
OC(=O)CN(CCS)CC(O)=O,3,"2.14,8.17,10.79"
OC(=O)CN=C[P](O)(=O)C=NCC(O)=O,3,"2.10,6.55,9.00"
OC(=O)CN(CC(O)=O)c1cccc(c1)C(O)=O,3,"2.40,4.06,5.10"
C[C@H](N)C(=O)N[C@@H](C)C(=O)N[C@@H](CS)C(O)=O,3,"3.22,7.96,9.73"
NCC(=O)NCC(=O)NCC(=O)N[C@@H](Cc1c[nH]cn1)C(O)=O,3,"2.90,6.73,7.99"
NCC(=O)NCC(=O)N[C@@H](CS)C(O)=O,3,"3.07,7.82,9.48"
NCC(=O)NCC(=O)N[C@@H](Cc1c[nH]cn1)C(=O)NCC(=O)NCC(O)=O,3,"3.14,6.03,7.42"
NCC(=O)NC(CO[P](O)(O)=O)C(O)=O,3,"2.91,6.03,8.42"
NC(C(O)=O)C(O)=O,3,"1.80,3.13,9.53"
NC1=NC(=O)N(C=C1)C2OC(CO[P](O)(=O)O[P](O)(O)=O)C(O)C2O,3,"1.00,4.51,6.61"
C[C@H](N)C(=O)N[C@H](CCCCN)C(=O)N[C@@H](C)C(=O)N[C@@H](C)C(=O)N[C@@H](C)C(O)=O,3,"3.19,7.74,10.18"
NC1(CCCC1)[P](O)(O)=O,3,"1.00,5.83,10.17"
C[C@H](N)C(=O)N[C@@H](CCCCN)C(=O)N[C@H](C)C(O)=O,3,"3.18,7.73,10.38"
NC(Cc1ccccc1O)C(O)=O,3,"2.41,8.54,10.91"
NC([C@H](O)c1ccccc1)C(O)=O,3,"2.22,8.80,9.93"
Sc1ccc(S)c2ncccc12,3,"1.60,4.53,9.30"
Oc1ccccc1[P](O)(O)=O,3,"1.60,6.36,15.40"
Oc1cc(cc2cc(cc(N=Nc3cc(c4cccnc4c3O)[S](O)(=O)=O)c12)[S](O)(=O)=O)[S](O)(=O)=O,3,"3.81,8.33,11.46"
CC(C)([P](O)(O)=O)[P](O)(O)=O,3,"3.03,7.86,12.10"
CC(C)(N)[P](O)(O)=O,3,"0.60,5.82,10.30"
Oc1cccc(O)c1O,3,"8.94,11.07,14.00"
C[C@H](N)C(=O)N[C@H](CCCCN)C(=O)N[C@@H](C)C(=O)N[C@@H](C)C(O)=O,3,"3.21,7.90,10.26"
C[C@H](N)C(=O)N[C@H](CCCCN)C(=O)N[C@@H](C)C(O)=O,3,"3.19,7.86,10.25"
C[C@H](N)C(=O)N[C@@H](CCCCN)C(=O)N[C@@H](C)C(=O)N[C@@H](C)C(O)=O,3,"3.47,7.90,10.47"
C[C@H](N)C(=O)N[C@@H](CCCCN)C(=O)N[C@@H](C)C(O)=O,3,"3.04,7.54,10.19"
C[C@H](NC(=O)[C@H](Cc1c[nH]cn1)NC(=O)CNC(=O)CN)C(O)=O,3,"3.04,6.63,7.87"
C[C@H](NC(=O)[C@@H](N)Cc1ccc(O)cc1)C(O)=O,3,"3.38,7.51,9.98"
OC(=O)CN(CC(O)=O)c1ccccc1C(O)=O,3,"2.27,2.99,7.74"
OC(=O)CN(CC(O)=O)c1ccccc1O,3,"2.98,5.43,11.08"
OC(=O)CN(CC(O)=O)c1ccccc1S,3,"2.85,6.30,9.54"
OC(=O)CN(CC(O)=O)c1ccc(O)cc1,3,"2.22,5.19,10.92"
OC(=O)CN(CC(O)=O)c1ccc(c2cc(cc(O)c12)[S](O)(=O)=O)[S](O)(=O)=O,3,"2.58,3.87,9.48"
CCCCC1CNCCNCCCNCCNC1,3,"2.80,9.88,10.52"
CC1CNCCNCCCNCCNC1,3,"2.00,10.12,11.08"
OCC(O[P](O)(=O)O[P](O)(O)=O)C(O)=O,3,"3.19,6.20,7.53"
CCC1C(=O)NCCNCCNCCNCCNC1=O,3,"2.00,7.93,9.18"
CCC1CNCCNCCCNCCNC1,3,"2.60,10.02,10.90"
OC(=O)c1cccc(C(O)=O)c1C(O)=O,3,"2.64,3.89,5.47"
CCCC1CNCCNCCCNCCNC1,3,"3.20,9.92,10.52"
OC(=O)CN(CC(O)=O)c1c(O)cc(c2ccccc12)[S](O)(=O)=O,3,"2.16,3.38,8.85"
OC(=O)CN(CC(O)=O)c1cccc(O)c1,3,"2.54,4.93,11.00"
CNCCCNCCCN,3,"7.03,9.69,10.68"
OC(=O)CN(CC(O)=O)C1C(=O)NC(=O)NC1=O,3,"1.83,2.84,9.86"
OC(=O)CN(CC(O)=O)CC(=O)Nc1ccc(Br)cc1,3,"1.50,2.09,5.79"
OC(=O)CN(CC(O)=O)CC(=O)c1ccccc1,3,"1.10,1.80,7.90"
OC(=O)CN(CC(O)=O)Cc1ccccn1,3,"2.69,2.72,8.20"
OC(=O)CCc1ccc(O)c(O)c1,3,"4.40,9.50,13.70"
OC(=O)CNC(=O)CN(CC(O)=O)CC(O)=O,3,"2.11,3.31,6.92"
OC(=O)CNC(=O)CNC(=O)CN(CC(O)=O)CC(O)=O,3,"2.14,3.55,6.56"
OC(=O)CC[P](O)(O)=O,3,"2.13,4.58,7.76"
O=C1NCCNCCNCCNCCNC(=O)C1Cc2ccccc2,3,"2.03,7.61,9.06"
O=C1NCCCNCCNCCCNC(=O)C1CCc2ccccn2,3,"5.23,6.33,9.32"
O=C1NCCNCCCNCCNC(=O)C1CCc2ccccn2,3,"4.46,5.79,9.47"
OC(=O)CC(S)C(O)=O,3,"3.14,4.58,10.13"
OC(=O)CC(CC(O)=O)C(O)=O,3,"3.46,4.48,5.66"
OC(=O)CC(CC(O)=O)CC(O)=O,3,"3.30,4.10,4.81"
OC(=O)CC(O)(CC(O)=O)C(O)=O,3,"2.87,4.25,5.49"
OC(=O)C1=CC(=O)C=C(N1)C(O)=O,3,"1.40,3.11,10.88"
Nc1nc(S)nc2nc[nH]c12,3,"3.80,7.70,9.60"
Nc1ncnc2n(cnc12)C3OC(CO[P](O)(=O)O[P](O)(=O)O[P](O)(O)=O)C(O)C3O,3,"1.95,4.07,6.62"
Nc1ncnc2n(cnc12)C3OC(CO[P](O)(=O)O[P](O)(O)=O)C(O)C3O,3,"1.98,3.90,6.68"
Nc1cccc(C(O)=O)c1O,3,"2.14,5.46,12.04"
O=C1CNCC(=O)NCCNCCCNCCN1,3,"2.30,4.49,7.98"
O=C1CNCC(=O)NCCNCCNCCN1,3,"4.22,5.03,8.94"
O=C1CNCC(=O)NCCNCCNCCNCCN1,3,"2.00,6.98,8.58"
O=C1CC(=O)NCCNCCNCCNCCN1,3,"2.29,8.39,9.14"
O=C1CNCC(=O)NCCCNCCNCCCN1,3,"5.10,6.39,9.41"
Nc1ccc(cc1)[As](O)(O)=O,3,"1.90,4.13,9.19"
Nc1nc(S)c2[nH]cnc2n1,3,"3.20,7.90,9.80"
OC(C(CC(O)=O)C(O)=O)C(O)=O,3,"2.67,4.01,5.51"
Nc1ccccc1[As](O)(O)=O,3,"0.70,3.79,8.93"
N[C@@H](Cc1ccc(O)cc1)C(=O)N2CCC[C@H]2C(=O)NCC(=O)NCC(O)=O,3,"3.29,7.59,9.76"
CSCC[C@H](N)C(=O)N[C@@H](Cc1c[nH]cn1)C(O)=O,3,"2.96,6.57,7.59"
CSCC[C@H](NC(=O)[C@@H](N)Cc1c[nH]cn1)C(O)=O,3,"2.58,6.00,7.50"
CSCC[C@H](NC(=O)[C@H](Cc1ccccc1)NC(=O)CNC(=O)CNC(=O)[C@@H](N)Cc2ccc(O)cc2)C(O)=O,3,"3.46,7.44,9.82"
Nc1ccc(C(O)=O)c(O)c1,3,"1.98,3.76,13.70"
NCC(=O)N1CCC[C@H]1C(=O)N[C@@H](Cc2ccc(O)cc2)C(=O)NCC(O)=O,3,"3.43,8.51,10.27"
NCC(O)c1ccc(O)c(O)c1,3,"8.64,9.65,12.90"
NCCC(=O)NC(Cc1[nH]cnc1)C(O)=O,3,"2.58,6.69,9.20"
NCC(=O)N1CCC[C@H]1C(=O)NCC(=O)N2CCC[C@H]2C(=O)N[C@@H](CCC(O)=O)C(O)=O,3,"2.46,4.40,8.53"
NC1CNCCNCCCNCCNC1,3,"6.08,9.94,11.41"
NCC(=O)NCC(=O)N[C@@H](Cc1c[nH]cn1)C(O)=O,3,"2.66,6.66,7.88"
NCC(=O)N[C@@H](Cc1c[nH]cn1)C(=O)NCC(O)=O,3,"3.21,6.81,8.04"
NCC(=O)N[C@@H](Cc1c[nH]cn1)C(O)=O,3,"2.53,6.60,8.00"
NCC(=O)N[C@@H](Cc1ccc(O)cc1)C(=O)NCC(O)=O,3,"3.36,7.92,9.78"
NCC(=O)N[C@@H](Cc1ccc(O)cc1)C(O)=O,3,"3.02,8.14,9.98"
NCC(N)CN,3,"3.83,7.99,9.59"
CC(C)C[C@H](NC(=O)CN)C(=O)N[C@@H](Cc1ccc(O)cc1)C(O)=O,3,"3.14,8.07,10.30"
CC(C)C[C@H](N)C(=O)N[C@@H](Cc1ccc(O)cc1)C(O)=O,3,"3.23,7.79,10.13"
CC(C)C[C@@H](N)C(=O)N[C@@H](Cc1ccc(O)cc1)C(O)=O,3,"2.90,8.34,10.36"
CC(C)C[C@@H](NC(=O)[C@@H](N)Cc1ccc(O)cc1)C(O)=O,3,"3.02,7.86,10.38"
C[C@H](N)C(=O)N[C@@H](CC(O)=O)C(=O)N[C@@H](C)C(=O)N[C@@H](C)C(O)=O,3,"3.22,3.85,7.96"
NCC(=O)N[C@@H](CS)C(O)=O,3,"2.73,8.04,9.48"
C[C@H](N)C(=O)N[C@@H](C)C(=O)N[C@@H](CC(O)=O)C(=O)N[C@@H](C)C(O)=O,3,"3.29,4.22,8.29"
C[C@H](N)C(=O)N[C@@H](CS)C(O)=O,3,"2.89,7.98,9.52"
C[C@H](N)C(=O)N[C@@H](Cc1c[nH]cn1)C(O)=O,3,"2.65,6.70,8.24"
C[C@H](N)C(=O)N[C@@H](CC(O)=O)C(=O)N[C@@H](CO)C(=O)NCC(O)=O,3,"3.21,4.02,8.33"
C[C@H](N)C(=O)N[C@@H](CCC(O)=O)C(=O)N[C@@H](C)C(=O)N[C@@H](C)C(O)=O,3,"3.18,4.07,7.90"
C[C@H](N)C(=O)N[C@@H](CCCCN)C(=O)N[C@@H](C)C(=O)N[C@@H](C)C(=O)N[C@@H](C)C(O)=O,3,"3.42,7.64,10.24"
C[C@H](N)C(=O)N[C@@H](C)C(=O)N[C@@H](C)C(=O)N[C@@H](CC(O)=O)C(O)=O,3,"3.15,4.01,8.05"
C[C@H](N)C(=O)N[C@@H](C)C(=O)N[C@@H](CCC(O)=O)C(=O)N[C@@H](C)C(O)=O,3,"3.25,4.23,8.10"
CC([C@H](N)C(O)=O)C(O)=O,3,"1.99,3.59,9.48"
CC1(C)NCCCNCCNCCCNC1(C)C,3,"3.70,10.19,12.20"
OCCNc1cc(ccc1C(O)=O)C(O)=O,3,"1.40,3.40,4.73"
CC(C[P](O)(O)=O)[P](O)(O)=O,3,"2.60,7.00,9.27"
N[C@@H](Cc1ccc(O)cc1)C(=O)N[C@@H](Cc2ccccc2)C(O)=O,3,"3.16,7.36,10.09"
N[C@@H](CC(O)=O)C(O)=O,3,"2.05,3.80,9.71"
NNC(=O)c1ccncc1,3,"1.90,3.66,10.60"
N[C@@H](Cc1ccc(O)cc1)C(O)=O,3,"2.53,9.08,10.17"
N[C@@H](Cc1ccc(O)cc1)C(=O)N2CCC[C@H]2C(=O)N[C@@H](Cc3ccccc3)C(O)=O,3,"3.14,7.47,9.79"
N[C@@H](Cc1ccc(O)cc1)C(=O)N2CCC[C@H]2C(O)=O,3,"3.19,7.81,9.91"
N[C@@H](Cc1ccccc1)C(=O)N[C@@H](CS)C(O)=O,3,"2.98,7.25,9.61"
N[C@@H](Cc1ccccc1)C(=O)N[C@@H](Cc2ccc(O)cc2)C(O)=O,3,"3.25,7.23,9.99"
N[C@@H](Cc1ccc(O)cc1)C(=O)N[C@@H](CCCNC(N)=N)C(O)=O,3,"3.09,7.24,9.82"
N[C@@H](Cc1c[nH]cn1)C(=O)NCC(O)=O,3,"2.72,5.88,7.60"
N[C@@H](Cc1ccc(O)cc1)C(=O)N[C@H](CCCNC(N)=N)C(O)=O,3,"2.81,7.62,9.82"
N[C@@H](Cc1ccc(O)cc1)C(=O)N[C@H](Cc2ccccc2)C(O)=O,3,"2.86,7.66,9.99"
N[C@@H](Cc1ccc(O)cc1)C(=O)N2CCC[C@H]2C(=O)N[C@@H](Cc3ccccc3)C(=O)N4CCC[C@H]4C(=O)NCC(O)=O,3,"3.36,7.42,9.81"
N[C@@H](Cc1ccc(O)cc1)C(=O)NCC(=O)NCC(O)=O,3,"3.22,7.37,10.09"
N[C@@H](Cc1ccc(O)cc1)C(=O)NCC(O)=O,3,"3.14,7.62,9.92"
N[C@@H](Cc1ccc(O)cc1)C(=O)NO,3,"6.96,8.92,9.93"
N[C@@H](CS)C(=O)NCC(O)=O,3,"3.15,6.91,9.30"
N[C@@H](CO)C(=O)N[C@@H](CCC(O)=O)C(O)=O,3,"2.94,4.34,7.42"
NCCc1ccc(O)c(O)c1,3,"8.97,10.50,13.30"
NCCc1cccc(CCN)n1,3,"3.43,9.71,10.34"
N[C@@H](CCC(O)=O)C(=O)NCC(O)=O,3,"3.03,4.12,7.96"
N[C@@H](CCC(O)=O)C(O)=O,3,"2.26,4.21,9.61"
N[C@@H](CC(O)=O)C(=O)NCC(O)=O,3,"2.82,3.67,8.03"
N[C@@H](CCC(O)=O)C(=O)N1CCC[C@H]1C(=O)N2CCC[C@H]2C(=O)NCC(=O)NCC(O)=O,3,"3.09,4.20,7.97"
OCCN(CCO)c1cc(C(O)=O)c(cc1C(O)=O)N(CCO)CCO,3,"1.90,4.96,7.90"
ON=Cc1ccccc1O,3,"1.37,8.96,11.68"
ON=C1C(=O)NC(=O)NC1=O,3,"4.36,9.56,13.65"
ON=Cc1cccc(C=NO)n1,3,"2.18,9.82,10.54"
ON1CCCCCNC(=O)CCC(=O)N(O)CCCCCNC(=O)CCC(=O)N(O)CCCCCNC(=O)CCC1=O,3,"8.63,9.42,9.89"
C[C@H](N)C(=O)NCC(=O)N1CCC[C@H]1C(=O)N[C@@H](Cc2c[nH]cn2)C(O)=O,3,"2.63,6.80,8.16"
N[C@@H](CCCNC(N)=N)C(=O)NO,3,"6.88,8.84,13.23"
N[C@@H](C(O)CC(O)=O)C(O)=O,3,"2.09,4.08,9.06"
C[C@@H](O[P](O)(O)=O)[C@H](N)C(O)=O,3,"2.25,5.83,9.67"
C[C@@H](NC(=O)[C@@H](N)CCCCN)C(O)=O,3,"2.89,7.63,10.52"
C[C@@H](NC(=O)[C@@H](N)Cc1ccc(O)cc1)C(O)=O,3,"3.05,7.66,9.79"
NCc1cccc(n1)c2cccc(CN)n2,3,"1.20,8.39,9.11"
NCCNCc1ccccn1,3,"2.73,5.91,9.46"
NCCN1CCCN(CCN)CCC1,3,"6.03,9.42,10.78"
NCCN1CCCNCC1,3,"2.80,9.22,10.09"
NCCN1CCN(CCN)CC1,3,"5.14,8.98,9.64"
NCCN1CCCN(CCN)CC1,3,"6.19,9.18,9.70"
NCCC[P](O)(O)=O,3,"1.60,6.88,11.04"
CC(C)[C@H](N)C(=O)N[C@@H](CCCCN)C(O)=O,3,"3.10,7.47,10.00"
CC(C)C[C@H](NC(=O)[C@@H](N)C(C)C)C(=O)N[C@@H](CO)C(=O)N[C@@H](CCC(O)=O)C(=O)NCC(O)=O,3,"3.28,4.49,7.74"
CC(C)C[C@H](NC(=O)[C@@H](N)Cc1ccc(O)cc1)C(O)=O,3,"3.39,7.41,10.11"
O[P](O)(=O)C1(CCC(=O)N1)[P](O)(O)=O,3,"2.25,6.75,10.69"
O[P](O)(=O)C1CCCCN1,3,"2.00,5.74,11.31"
NCCCC[C@H](NC(=O)[C@@H]1CCCN1C(=O)[C@@H](N)CCCNC(N)=N)C(=O)N2CCC[C@H]2C(=O)N[C@@H](CCC(N)=O)C(O)=O,3,"4.00,7.27,9.85"
C[C@H](N)C(=O)NCC(=O)NCC(=O)N[C@@H](Cc1c[nH]cn1)C(O)=O,3,"2.62,6.89,8.14"
NCCCC[C@H](NC(=O)[C@@H](N)CO)C(O)=O,3,"2.92,7.16,10.49"
NCCCN1CCN(CCCN)CC1,3,"6.15,9.28,10.22"
NCCCC[C@H](NC(=O)[C@@H]1CCCN1C(=O)CNC(=O)CN)C(O)=O,3,"3.19,8.03,9.88"
NCCCC[C@H](NC(=O)CN)C(O)=O,3,"2.80,7.91,10.23"
NCCCC[C@H](NC(=O)[C@@H]1CCCN1C(=O)CN)C(=O)N2CCC[C@H]2C(=O)NCC(O)=O,3,"3.41,8.12,10.24"
NCCCC[C@H](N)C(=O)NO,3,"7.01,8.89,10.66"
CC(C)CC(NC(=O)C(Cc1ccccc1)NC(=O)CNC(=O)CNC(=O)C(N)Cc2ccc(O)cc2)C(O)=O,3,"3.52,7.77,9.59"
Oc1ccc(cc1)[As](O)(O)=O,3,"3.85,8.65,10.24"
O[P](O)(=O)[P](O)(O)=O,3,"2.10,6.77,9.48"
NCCCCNCCCN,3,"8.40,9.83,10.85"
NCC(=O)NCC(=O)N[C@@H](Cc1ccc(O)cc1)C(O)=O,3,"3.19,7.91,9.75"
NCCCC(C(O)=O)C(O)=O,3,"2.52,4.86,10.45"
NCCCCC1C(=O)NCCNCCCNCCNC1=O,3,"5.63,9.34,10.05"
Cc1ncc(CO)c(CN)c1O,3,"3.38,8.05,10.60"
Cc1cccc(CN(CC(O)=O)CC(O)=O)n1,3,"2.61,3.45,8.31"
Oc1ccccc1CC2C(=O)NCCNCCCNCCNC2=O,3,"5.72,9.37,9.97"
Oc1ccccc1[As](O)(O)=O,3,"3.92,7.71,13.30"
CC(=O)N(O)CCCOCC(C)(COCCCN(O)C(C)=O)COCCCN(O)C(C)=O,3,"8.39,9.02,9.69"
OC(=O)c1ccccc1N=Nc2cc(c3cccnc3c2O)[S](O)(=O)=O,3,"3.34,3.63,9.02"
OC(=O)[C@H](Cc1c[nH]cn1)NC(=O)CCS,3,"3.48,7.25,9.86"
OC(=O)[C@H](Cc1c[nH]cn1)NC(=O)CNC(=O)CS,3,"3.47,7.10,8.65"
OC(=O)Cc1cccc(CC(O)=O)n1,3,"2.35,3.10,6.02"
OC(=O)c1ccc(C(O)=O)c(c1)C(O)=O,3,"2.41,3.77,5.04"
OC(=O)c1ccc(O)c(O)c1,3,"4.34,8.73,12.97"
CCNCCNCCNCC,3,"4.31,9.85,10.51"
OC(=O)CSCCN(CC(O)=O)CC(O)=O,3,"2.00,3.53,8.82"
OC(=O)[C@H](Cc1c[nH]cn1)NC(=O)CS,3,"3.43,7.14,8.70"
CC[C@H](C)[C@H](NC(=O)[C@H](Cc1ccc(O)cc1)NC(C)=O)C(=O)N[C@@H](Cc2c[nH]cn2)C(O)=O,3,"2.95,7.02,9.78"
OC(=O)[P](O)(O)=O,3,"1.70,3.60,7.57"
OC(=O)\C=C/c1ccc(O)c(O)c1,3,"4.53,8.86,12.50"
CN1CCN(CC1)CCN(C)CCN2CCN(C)CC2,3,"6.97,7.75,8.16"
C[C@H](NC(=O)[C@H](C)NC(=O)[C@H](C)NC(=O)[C@@H](N)CC(O)=O)C(O)=O,3,"3.07,3.60,7.69"
CNC(=O)[C@H](Cc1c[nH]cn1)NC(=O)[C@H](C)NC(=O)[C@@H](N)CC(O)=O,3,"3.00,6.38,7.70"
OC(=O)c1cc(cc(c1)C(O)=O)C(O)=O,3,"3.04,3.79,4.63"
OC([P](O)(O)=O)[P](O)(O)=O,3,"2.67,6.92,10.41"
OC(=O)c1ccncc1C(O)=O,3,"0.60,2.70,4.90"
OC(=O)c1cncc(c1)C(O)=O,3,"1.10,2.10,4.30"
OC(=O)CNCc1ccccn1,3,"2.19,2.46,8.18"
OC(=O)CNc1cccc2cccnc12,3,"1.90,2.98,4.26"
C1CNCCCN(Cc2c[nH]cn2)NC1,3,"4.91,7.22,10.74"
C1CNCCCN(Cc2cc[nH]n2)NC1,3,"1.86,6.73,11.87"
[Na+].[O-][S](=O)(=O)CC(S)CS,3,"1.10,8.63,11.82"
[Na+].[Na+].[O-][S](=O)(=O)c1ccc(N\N=C\2C=C(c3cccnc3C2=O)[S]([O-])(=O)=O)c4ccccc14,3,"0.00,2.88,6.86"
C1CNCCNCC(CNCCNC1)Cc2ccccc2,3,"2.40,9.74,10.51"
O[P](O)(=O)C(=C)[P](O)(O)=O,4,"1.40,2.06,6.01,8.60"
CC(O)([P](O)(O)=O)[P](O)(O)=O,4,"1.60,2.55,6.83,10.47"
CC([P](O)(O)=O)[P](O)(O)=O,4,"1.40,2.79,7.11,11.28"
CC(N)CC(C)(C)NCCNC(C)(C)CC(C)N,4,"4.90,7.61,10.06,11.09"
OCC(O)([P](O)(O)=O)[P](O)(O)=O,4,"1.00,1.70,5.76,7.80"
N[C@@H](CCC(=O)N[C@@H](CS)C(=O)NCC(O)=O)C(O)=O,4,"2.22,3.55,8.69,9.51"
N[C@@H](Cc1ccc(O)cc1)C(=O)N[C@@H](Cc2ccc(O)cc2)C(O)=O,4,"3.21,7.33,9.68,10.47"
CC(N)([P](O)(O)=O)[P](O)(O)=O,4,"1.50,5.37,8.58,11.50"
N[C@@H](Cc1ccc(O)cc1)C(=O)N[C@H](CCC(O)=O)C(O)=O,4,"2.85,4.65,7.85,10.17"
N[C@@H](Cc1c[nH]cn1)C(=O)N[C@@H](Cc2c[nH]cn2)C(O)=O,4,"2.60,5.66,6.70,7.52"
N[C@@H](Cc1ccc(O)cc1)C(=O)N2CCC[C@H]2C(=O)NCC(=O)N[C@@H](Cc3ccc(O)cc3)C(O)=O,4,"2.74,7.61,9.75,10.12"
N[C@@H](Cc1ccc(O)cc1)C(=O)N[C@H](Cc2ccc(O)cc2)C(O)=O,4,"2.93,7.74,9.73,10.54"
N[C@@H](Cc1ccc(O)cc1)C(=O)N[C@@H](CCC(O)=O)C(O)=O,4,"3.17,4.48,7.69,10.09"
O[C@@H]1Cc2c(O)cc(O)cc2OC1c3ccc(O)c(O)c3,4,"8.72,9.49,11.23,13.40"
C[C@H](N)C(=O)N[C@@H](CC(O)=O)C(=O)N[C@@H](CC(O)=O)C(=O)N[C@@H](C)C(O)=O,4,"2.93,3.50,4.35,8.30"
O[C@H]1Cc2c(O)cc(O)cc2O[C@@H]1c3ccc(O)c(O)c3,4,"8.71,9.43,11.22,13.30"
N[C@@H](CO[P](O)(O)=O)C(O)=O,4,"0.70,2.09,5.73,9.69"
ON1CCOCCOCCN(O)C(=O)CCNCCOCCOCCNCCC1=O,4,"4.14,7.70,9.21,9.86"
OCCN(CCN(CC(O)=O)CC(O)=O)CC(O)=O,4,"1.60,2.55,5.42,9.66"
OCCN(CC(O)=O)c1cc(C(O)=O)c(cc1C(O)=O)N(CCO)CC(O)=O,4,"2.00,2.68,5.25,9.06"
NO[P](O)(=O)C(c1ccccc1)[P](O)(O)=O,4,"1.60,5.29,8.17,10.29"
O[P](O)(=O)CCCCCC[P](O)(O)=O,4,"1.83,3.06,7.66,8.39"
NCCNCC(F)(F)CNCCN,4,"2.42,4.58,9.11,9.86"
NCCN1CCCNCCNCCNCCC1,4,"1.90,8.61,9.79,10.92"
O[P](O)(=O)CCCCCCCCCC[P](O)(O)=O,4,"2.07,3.16,7.78,8.83"
CC(C)[C@H](NC(=O)[C@H](CC(O)=O)NC(=O)[C@H](CCCCN)NC(=O)[C@@H](N)CCCNC(N)=N)C(O)=O,4,"3.04,3.89,7.34,10.48"
O[P](O)(=O)CC[P](O)(O)=O,4,"1.50,2.96,7.51,9.11"
O=C1CCNCCNCCNCCNCCN1,4,"2.40,5.72,8.72,9.72"
CN1CCNCCNCCN(C)CCNCCNCC1,4,"3.84,7.76,9.09,9.78"
C1CCNCCCNCCCNCCCNC1,4,"6.30,7.96,10.13,11.20"
Oc1ccc(cc1O)C(=C\2C=CC(=O)C(=C2)O)/c3ccccc3[S](O)(=O)=O,4,"0.80,7.80,9.76,12.80"
C1CN(CCN1)CCNCCN2CCNCC2,4,"2.14,8.06,8.78,9.52"
OC(=O)CNc1cc(C(O)=O)c(NCC(O)=O)cc1C(O)=O,4,"2.32,3.32,4.26,6.94"
CN1CCCNCCNCCCNCC1,4,"2.20,2.60,10.20,11.25"
OC(=O)c1cc(N\N=C/2C=CC(=O)C(=C2)C(O)=O)ccc1O,4,"2.07,2.83,11.00,12.00"
OC(=O)CN(CC(O)=O)c1cccc(c1)N(CC(O)=O)CC(O)=O,4,"2.00,2.84,4.96,5.65"
C1CCNCCNCCCNCCNCC1,4,"2.90,5.42,9.28,9.81"
OC(=O)CC(Nc1ccc(NC(CC(O)=O)C(O)=O)cc1)C(O)=O,4,"3.03,3.58,4.62,6.63"
OC(=O)CC(NCCNC(CC(O)=O)C(O)=O)C(O)=O,4,"2.98,3.91,6.93,10.07"
N[C@@H](Cc1ccc(O)c(N)c1)C(O)=O,4,"2.00,4.48,9.09,10.19"
OC(CNC(C(O)=O)C(O)=O)CNC(C(O)=O)C(O)=O,4,"2.41,3.40,8.90,10.40"
CC(C)(S)CNCCNCC(C)(C)S,4,"5.56,7.79,9.72,10.99"
CC(CN(CC(O)=O)CC(O)=O)N(CC(O)=O)CC(O)=O,4,"1.80,2.79,6.28,11.01"
NC([P](O)(O)=O)[P](O)(O)=O,4,"1.40,5.42,8.42,11.70"
Oc1ccc(c(O)c1)[As](O)(O)=O,4,"4.11,7.77,9.82,14.30"
C[C@H](NC(=O)[C@H](C)NC(=O)[C@@H](N)CC(O)=O)C(=O)N[C@@H](CC(O)=O)C(O)=O,4,"3.12,3.26,4.64,8.00"
CNCCCNCCNCCCNC,4,"5.69,8.44,10.12,10.84"
CNCCCNCCCNCCNC,4,"5.66,7.18,9.57,10.30"
CNCCCNCCCNCCCNC,4,"7.43,8.89,10.23,10.95"
N[C@H](Cc1c[nH]cn1)C(=O)N[C@@H](Cc2c[nH]cn2)C(O)=O,4,"2.15,5.18,6.58,7.61"
N[C@@H](Cc1ccc(O)c(O)c1)C(O)=O,4,"2.19,8.75,9.79,13.40"
NCC(=O)N[C@@H](Cc1c[nH]cn1)C(=O)NCC(=O)N[C@@H](Cc2c[nH]cn2)C(O)=O,4,"2.57,6.00,6.95,8.00"
C[C@H](N)C(=O)N[C@@H](CC(O)=O)C(=O)N[C@@H](C)C(=O)N[C@@H](CC(O)=O)C(O)=O,4,"3.14,3.47,4.63,8.28"
C[C@H](N)C(=O)N[C@@H](C)C(=O)N[C@@H](CC(O)=O)C(=O)N[C@@H](CC(O)=O)C(O)=O,4,"3.43,3.51,4.67,8.31"
C1CNCCCNC(CCNC1)c2c[nH]cn2,4,"2.00,5.20,7.54,13.00"
NCCCN1CCCN(CCCN)CC1,4,"4.84,8.01,9.81,10.05"
NCCCCNCCCNCCCN,4,"7.47,9.12,10.38,11.03"
NCCNCCSCCNCCN,4,"5.64,6.51,9.10,9.78"
NCCNCCOCCNCCN,4,"5.98,6.89,9.24,9.81"
C(CNCc1c[nH]cn1)NCc2c[nH]cn2,4,"3.21,4.26,6.56,9.05"
C(CN(Cc1ccccn1)Cc2ccccn2)N(Cc3ccccn3)Cc4ccccn4,4,"2.88,3.30,4.81,7.12"
Cc1ccc(cc1N(CC(O)=O)CC(O)=O)N(CC(O)=O)CC(O)=O,4,"2.16,3.00,4.82,6.58"
Cc1cc(ccc1N(CC(O)=O)CC(O)=O)N(CC(O)=O)CC(O)=O,4,"2.27,3.07,4.96,7.10"
Cc1ccc(N(CC(O)=O)CC(O)=O)c(c1)N(CC(O)=O)CC(O)=O,4,"2.88,3.53,4.76,6.95"
CC(=O)N(O)CCCCCNC(=O)CCC(=O)N(O)CCCCCNC(=O)CCC(=O)N(O)CCCCCN,4,"8.41,9.01,9.62,10.84"
C(CSSCCNCc1c[nH]cn1)NCc2c[nH]cn2,4,"3.89,4.62,7.85,8.74"
C(COCCNCc1c[nH]cn1)NCc2c[nH]cn2,4,"3.88,4.66,8.17,9.16"
C1CCCNCCNCCNCCNCCNCC1,4,"2.40,8.39,9.40,9.99"
O[P](O)(=O)CCCC[P](O)(O)=O,4,"1.70,2.86,7.59,8.41"
CC(=NO)C(CN(CC(O)=O)CC(O)=O)=NO,4,"2.03,8.23,10.47,12.20"
CN1CCCN(C)CCNCCCNCC1,4,"2.20,2.90,9.75,10.75"
OC(=O)CNCCNCC(O)=O,4,"1.44,2.41,6.70,9.67"
CNCCNCCNCCNC,4,"4.08,7.59,9.68,10.75"
CN1CCNCCN(C)CCN(C)CCN(C)CCNCC1,4,"2.59,7.53,9.11,9.75"
OC(=O)CN(CC(O)=O)c1ccc(cc1)N(CC(O)=O)CC(O)=O,4,"1.95,4.30,4.77,5.86"
C1CNCCNCCCNCCNC1,4,"1.53,2.25,10.36,11.38"
C1CCCNCCNCCNCCNCC1,4,"1.90,5.51,9.34,10.46"
C1CCNCCNCCNCCNC1,4,"1.95,4.50,9.53,10.78"
C1CCNCCCNCCNCCCNC1,4,"3.69,6.75,9.71,10.32"
CN1CCCN(C)CCN(C)CCCN(C)CC1,4,"2.45,2.81,9.16,9.53"
FO[P](=O)(CC[P](=O)(OF)OF)OF,4,"1.10,2.00,4.49,6.30"
C1CCNCCNCCNCCNCC1,4,"1.45,5.43,9.22,10.14"
O[P](O)(=O)C[P](O)(O)=O,4,"1.50,2.61,6.91,10.28"
O[P](O)(=O)CCC[P](O)(O)=O,4,"1.63,2.79,7.47,8.44"
NCCCC[C@H](NC(=O)[C@@H]1CCCN1C(=O)CNC(=O)CNC(=O)[C@H](CCCCN)NC(=O)[C@@H]2CCCN2C(=O)CNC(=O)CN)C(O)=O,4,"3.12,7.98,10.12,10.48"
O[P](O)(=O)C(F)(F)[P](O)(O)=O,4,"1.45,2.12,5.72,7.89"
NCCCNCCCCNCCCN,4,"7.91,8.85,9.99,10.82"
NCCCN1CCCNCCNCCNCCC1,4,"3.64,9.17,9.98,11.07"
NCCCN1CCCNCCCNCCC1,4,"2.20,5.99,9.90,12.00"
NCCCC[C@H](NC(=O)[C@@H](N)CCCNC(N)=N)C(=O)N[C@H](CC(O)=O)C(O)=O,4,"2.71,4.12,7.42,10.55"
NCCCC[C@H](NC(=O)[C@@H](N)Cc1ccc(O)cc1)C(O)=O,4,"3.34,7.33,9.72,11.01"
NCCCC[C@H](NC(=O)[C@@H](N)Cc1c[nH]cn1)C(O)=O,4,"2.00,5.65,7.29,10.09"
NCCCC[C@H](NC(=O)[C@@H](N)CCCNC(N)=N)C(=O)N[C@@H](CC(O)=O)C(O)=O,4,"2.77,4.20,7.44,10.49"
NCCCC[C@H](N)C(=O)N[C@H](CCCCN)C(O)=O,4,"2.74,7.42,9.81,10.78"
NCCCC[C@H](NC(=O)[C@H](N)CCCNC(N)=N)C(=O)N[C@@H](CC(O)=O)C(O)=O,4,"2.76,4.20,7.50,10.29"
NCCCC[C@H](N)C(=O)N[C@@H](CCCCN)C(O)=O,4,"2.90,7.42,9.94,10.90"
O[P](O)(O)=O,4,"0.00,1.90,6.61,11.34"
NCCCC[C@@H](NC(=O)[C@@H](N)CCCNC(N)=N)C(=O)N[C@@H](CC(O)=O)C(O)=O,4,"2.78,4.07,7.39,10.45"
NCCCC(O)([P](O)(O)=O)[P](O)(O)=O,4,"2.72,8.73,10.50,11.60"
NCCNCCCNCCN,4,"5.85,7.18,9.45,10.20"
NCCCC[C@H](N)C(=O)N[C@@H](Cc1ccc(O)cc1)C(O)=O,4,"3.02,7.47,9.79,11.06"
O[P](O)(=O)O[P](O)(=O)O[P](O)(=O)O[P](O)(O)=O,4,"1.20,1.65,6.02,7.71"
O[P](O)(=O)O[P](O)(O)=O,4,"0.82,1.77,5.76,8.01"
OC(=O)c1cc(C(O)=O)c(C(O)=O)c(C(O)=O)c1C(O)=O,5,"1.63,2.58,3.74,4.97,6.22"
SCCN1CCN(CCS)CCN(CCS)CC1,5,"2.50,8.26,9.45,10.97,13.40"
OC(=O)CNc1cc(C(O)=O)c(cc1C(O)=O)N(CC(O)=O)CC(O)=O,5,"1.80,2.67,3.57,4.48,9.40"
OC(=O)[C@H](CS)NCCN[C@@H](CS)C(O)=O,5,"1.70,5.40,7.91,9.88,11.14"
CC(C)[C@H](NC(=O)[C@H](CC(O)=O)NC(=O)[C@H](CCCCN)NC(=O)[C@@H](N)CCCNC(N)=N)C(=O)N[C@@H](Cc1ccc(O)cc1)C(O)=O,5,"1.90,3.25,7.20,9.75,10.38"
NCCCC[C@H](N)C(=O)N[C@@H](CCCCN)C(=O)N[C@@H](CCCCN)C(O)=O,5,"2.97,7.23,9.69,10.43,11.21"
O[P](O)(=O)O[P](O)(=O)O[P](O)(O)=O,5,"0.50,1.00,1.93,5.35,7.87"
NCCCC[C@H](N)C(=O)N[C@H](CCCCN)C(=O)N[C@@H](CCCCN)C(O)=O,5,"2.80,7.18,9.68,10.43,11.31"
NCCCC[C@H](N)C(=O)N[C@H](CCCCN)C(=O)N[C@H](CCCCN)C(O)=O,5,"2.83,7.03,9.49,10.27,10.98"
N[C@@H](Cc1ccc(O)cc1)C(=O)N[C@@H](Cc2ccc(O)cc2)C(=O)N[C@@H](Cc3ccc(O)cc3)C(O)=O,5,"3.37,7.22,9.56,9.95,10.92"
N[C@@H](CC(O)=O)C(=O)N[C@@H](CC(O)=O)C(=O)N[C@@H](CC(O)=O)C(O)=O,5,"1.80,2.04,3.87,4.78,8.13"
C1CNCCNCCCNCCNCCNC1,5,"2.26,3.98,7.24,9.50,10.20"
Cc1c(cccc1N(CC(O)=O)CC(O)=O)N(CC(O)=O)CC(O)=O,5,"1.90,2.28,3.44,4.53,6.14"
Cc1ccc(O)c(CN2CCN(CCN(CC2)Cc3nc(C)ccc3O)Cc4nc(C)ccc4O)n1,6,"4.28,5.35,7.00,9.73,10.86,12.10"
C1CNCCCNCCCNCCCNCCCNCCCNC1,6,"6.78,7.42,8.05,9.38,10.30,10.72"
OC(=O)CN(CC(O)=O)c1ccccc1N(CC(O)=O)CC(O)=O,6,"0.30,0.50,2.97,3.56,4.75,6.58"
N[C@@H](CCC(=O)N[C@@H](CSSC[C@H](NC(=O)CC[C@H](N)C(O)=O)C(=O)NCC(O)=O)C(=O)NCC(O)=O)C(O)=O,6,"1.65,2.50,3.16,3.91,8.66,9.44"
CC(C)CC(NC(=O)[C@H](Cc1ccccc1)NC(=O)[C@H](CC(O)=O)NC(=O)CNC(=O)[C@H](CCC(O)=O)NC(=O)CNC(=O)[C@H](CO)NC(=O)[C@H](CC(O)=O)NC(=O)[C@H](C)N)C(=O)N[C@@H](C)C(=O)N[C@@H](CCC(O)=O)C(=O)NCC(=O)NCC(=O)NCC(=O)N[C@@H](C(C)C)C(=O)N[C@@H](CCCNC(N)=N)C(O)=O,6,"2.60,3.50,3.62,4.31,5.03,8.40"
C1CCCNCCCNCCCNCCCCCCCNCCCNCCCNCCC1,6,"7.30,7.90,9.60,9.85,10.70,10.90"
C1CCCNCCNCCNCCCCCCNCCNCCNCC1,6,"3.57,3.82,9.47,9.93,10.31,10.73"
C1CCNCCNCCNCCCCNCCNCCNC1,6,"3.42,3.44,8.86,9.37,10.12,10.64"
OC(=O)c1c(C(O)=O)c(C(O)=O)c(C(O)=O)c(C(O)=O)c1C(O)=O,6,"0.87,1.99,2.95,4.54,5.39,6.51"
OC(=O)CN(CCN(CC(O)=O)CC(O)=O)CC(O)=O,6,"0.20,1.55,2.07,2.63,6.29,9.80"
